0,0,0.049341,0.05821
3,3,0.2994,0.057238
5,5,0.54946,0.056995
8,8,0.79952,0.055679
10,10,1.0496,0.055536
13,13,1.2996,0.055422
15,15,1.5497,0.056265
18,18,1.7998,0.056895
20,20,2.0498,0.055608
23,23,2.2999,0.053334
25,25,2.55,0.05445
28,28,2.8,0.055794
31,31,3.0501,0.055164
33,33,3.3001,0.055779
36,36,3.5502,0.054964
38,38,3.8003,0.058053
41,41,4.0503,0.064087
43,43,4.3004,0.065559
46,46,4.5504,0.063172
48,48,4.8005,0.070578
51,51,5.0506,0.068333
53,53,5.3006,0.06749
56,56,5.5507,0.067504
58,58,5.8007,0.06749
61,61,6.0508,0.066989
63,63,6.3009,0.067547
66,66,6.5509,0.068176
68,68,6.801,0.067018
71,71,7.051,0.06739
73,73,7.3011,0.063844
76,76,7.5512,0.065116
78,78,7.8012,0.066003
81,81,8.0513,0.064916
83,83,8.3014,0.063972
86,86,8.5514,0.06403
88,88,8.8015,0.066375
91,91,9.0515,0.064859
93,93,9.3016,0.063915
96,96,9.5517,0.063744
98,98,9.8017,0.063686
101,101,10.052,0.063915
103,103,10.302,0.065159
106,106,10.552,0.064072
108,108,10.802,0.066031
111,111,11.052,0.068433
113,113,11.302,0.070907
116,116,11.552,0.070392
118,118,11.802,0.072151
121,121,12.052,0.074124
123,123,12.302,0.074768
126,126,12.552,0.075111
128,128,12.802,0.074982
131,131,13.053,0.075225
133,133,13.303,0.076627
136,136,13.553,0.07614
138,138,13.803,0.072995
141,141,14.053,0.07298
143,143,14.303,0.072265
146,146,14.553,0.072652
148,148,14.803,0.071336
151,151,15.053,0.07085
153,153,15.303,0.069663
156,156,15.553,0.070621
158,158,15.803,0.070349
161,161,16.053,0.070035
163,163,16.303,0.070936
166,166,16.553,0.070478
168,168,16.803,0.069034
171,171,17.053,0.070807
173,173,17.304,0.071207
176,176,17.554,0.069277
178,178,17.804,0.070321
181,181,18.054,0.070607
183,183,18.304,0.069963
186,186,18.554,0.070192
188,188,18.804,0.06902
191,191,19.054,0.069334
193,193,19.304,0.067576
196,196,19.554,0.06912
198,198,19.804,0.070707
201,201,20.054,0.071908
203,203,20.304,0.072494
206,206,20.554,0.071622
208,208,20.804,0.073481
211,211,21.054,0.074539
213,213,21.305,0.073081
216,216,21.555,0.071107
218,218,21.805,0.071822
221,221,22.055,0.071236
223,223,22.305,0.071093
226,226,22.555,0.071951
228,228,22.805,0.072123
231,231,23.055,0.07145
233,233,23.305,0.068891
236,236,23.555,0.07045
238,238,23.805,0.071922
241,241,24.055,0.070807
243,243,24.305,0.071665
246,246,24.555,0.071837
248,248,24.805,0.07105
251,251,25.055,0.071436
253,253,25.306,0.071022
256,256,25.556,0.070964
258,258,25.806,0.071064
261,261,26.056,0.071222
263,263,26.306,0.071036
266,266,26.556,0.071136
268,268,26.806,0.070964
271,271,27.056,0.075368
273,273,27.306,0.078357
276,276,27.556,0.077785
278,278,27.806,0.077413
281,281,28.056,0.078471
283,283,28.306,0.079172
286,286,28.556,0.079644
288,288,28.806,0.079629
291,291,29.056,0.079143
293,293,29.306,0.079887
296,296,29.557,0.0788
298,298,29.807,0.077299
301,301,30.057,0.078071
303,303,30.307,0.079343
306,306,30.557,0.078156
308,308,30.807,0.078543
311,311,31.057,0.077656
313,313,31.307,0.081131
316,316,31.557,0.081717
318,318,31.807,0.079929
321,321,32.057,0.0792
323,323,32.307,0.080459
326,326,32.557,0.083075
328,328,32.807,0.082246
331,331,33.057,0.082375
333,333,33.307,0.081617
336,336,33.558,0.080759
338,338,33.808,0.081288
341,341,34.058,0.08063
343,343,34.308,0.084891
346,346,34.558,0.085034
348,348,34.808,0.084491
351,351,35.058,0.085835
353,353,35.308,0.087608
356,356,35.558,0.088323
358,358,35.808,0.087565
361,361,36.058,0.087608
363,363,36.308,0.087565
366,366,36.558,0.087393
368,368,36.808,0.086264
371,371,37.058,0.087565
373,373,37.308,0.087493
376,376,37.558,0.087522
378,378,37.809,0.085106
381,381,38.059,0.086707
383,383,38.309,0.087651
386,386,38.559,0.086821
388,388,38.809,0.085034
391,391,39.059,0.085148
393,393,39.309,0.085978
396,396,39.559,0.085763
398,398,39.809,0.087565
401,401,40.059,0.087579
403,403,40.309,0.085763
406,406,40.559,0.080916
408,408,40.809,0.08083
411,411,41.059,0.081245
413,413,41.309,0.084319
416,416,41.559,0.084033
418,418,41.81,0.084219
421,421,42.06,0.087536
423,423,42.31,0.086035
426,426,42.56,0.086493
428,428,42.81,0.087007
431,431,43.06,0.085406
433,433,43.31,0.086235
436,436,43.56,0.087536
438,438,43.81,0.08705
441,441,44.06,0.087236
443,443,44.31,0.087379
446,446,44.56,0.08502
448,448,44.81,0.085005
451,451,45.06,0.084963
453,453,45.31,0.085234
456,456,45.56,0.085034
458,458,45.811,0.086321
461,461,46.061,0.084577
463,463,46.311,0.08552
466,466,46.561,0.085935
468,468,46.811,0.086836
471,471,47.061,0.08665
473,473,47.311,0.086564
476,476,47.561,0.08562
478,478,47.811,0.087536
481,481,48.061,0.086264
483,483,48.311,0.086993
486,486,48.561,0.085005
488,488,48.811,0.085763
491,491,49.061,0.086578
493,493,49.311,0.086678
496,496,49.561,0.086535
498,498,49.811,0.085363
501,501,50.062,0.085778
503,503,50.312,0.086392
506,506,50.562,0.086535
508,508,50.812,0.085849
511,511,51.062,0.087293
513,513,51.312,0.085835
516,516,51.562,0.086635
518,518,51.812,0.087136
521,521,52.062,0.086535
523,523,52.312,0.086921
526,526,52.562,0.086736
528,528,52.812,0.085392
531,531,53.062,0.084376
533,533,53.312,0.084648
536,536,53.562,0.083204
538,538,53.812,0.084619
541,541,54.063,0.083375
543,543,54.313,0.083962
546,546,54.563,0.083261
548,548,54.813,0.084748
551,551,55.063,0.084133
553,553,55.313,0.084905
556,556,55.563,0.083275
558,558,55.813,0.085291
561,561,56.063,0.085692
563,563,56.313,0.08572
566,566,56.563,0.084233
568,568,56.813,0.085091
571,571,57.063,0.084777
573,573,57.313,0.083976
576,576,57.563,0.084376
578,578,57.813,0.085234
581,581,58.064,0.086407
583,583,58.314,0.086192
586,586,58.564,0.084205
588,588,58.814,0.084991
591,591,59.064,0.084476
593,593,59.314,0.084491
596,596,59.564,0.084977
598,598,59.814,0.08532
601,601,60.064,0.085963
603,603,60.314,0.085706
606,606,60.564,0.085663
608,608,60.814,0.086021
611,611,61.064,0.086564
613,613,61.314,0.087565
616,616,61.564,0.086207
618,618,61.814,0.086121
621,621,62.064,0.085592
623,623,62.315,0.086478
626,626,62.565,0.086006
628,628,62.815,0.085763
631,631,63.065,0.086578
633,633,63.315,0.086407
636,636,63.565,0.085849
638,638,63.815,0.085148
641,641,64.065,0.085677
643,643,64.315,0.084877
646,646,64.565,0.084591
648,648,64.815,0.085063
651,651,65.065,0.085106
653,653,65.315,0.085763
656,656,65.565,0.086392
658,658,65.815,0.085549
661,661,66.065,0.08512
663,663,66.316,0.084219
666,666,66.566,0.084505
668,668,66.816,0.085649
671,671,67.066,0.084991
673,673,67.316,0.086207
676,676,67.566,0.085077
678,678,67.816,0.087565
681,681,68.066,0.087579
683,683,68.316,0.083261
686,686,68.566,0.076898
688,688,68.816,0.071565
691,691,69.066,0.072623
693,693,69.316,0.071408
696,696,69.566,0.071851
698,698,69.816,0.07085
701,701,70.066,0.073109
703,703,70.316,0.07361
706,706,70.567,0.072408
708,708,70.817,0.071393
711,711,71.067,0.066217
713,713,71.317,0.065531
716,716,71.567,0.071608
718,718,71.817,0.07451
721,721,72.067,0.073652
723,723,72.317,0.074568
726,726,72.567,0.073881
728,728,72.817,0.076369
731,731,73.067,0.076126
733,733,73.317,0.075411
736,736,73.567,0.075411
738,738,73.817,0.075011
741,741,74.067,0.07544
743,743,74.317,0.074482
746,746,74.568,0.076298
748,748,74.818,0.074997
751,751,75.068,0.07687
753,753,75.318,0.07524
756,756,75.568,0.075597
758,758,75.818,0.076598
761,761,76.068,0.077384
763,763,76.318,0.077213
766,766,76.568,0.077756
768,768,76.818,0.076727
771,771,77.068,0.077399
773,773,77.318,0.077356
776,776,77.568,0.077127
778,778,77.818,0.075597
781,781,78.068,0.076627
783,783,78.318,0.078042
786,786,78.569,0.076698
788,788,78.819,0.077156
791,791,79.069,0.075111
793,793,79.319,0.076055
796,796,79.569,0.077742
798,798,79.819,0.077785
801,801,80.069,0.079972
803,803,80.319,0.079458
806,806,80.569,0.077828
808,808,80.819,0.0786
811,811,81.069,0.078986
813,813,81.319,0.0786
816,816,81.569,0.078714
818,818,81.819,0.077499
821,821,82.069,0.077699
823,823,82.319,0.078185
826,826,82.569,0.079543
828,828,82.82,0.076712
831,831,83.07,0.076641
833,833,83.32,0.07707
836,836,83.57,0.08013
838,838,83.82,0.083304
841,841,84.07,0.083747
843,843,84.32,0.084605
846,846,84.57,0.084648
848,848,84.82,0.083433
851,851,85.07,0.083547
853,853,85.32,0.084362
856,856,85.57,0.084734
858,858,85.82,0.085735
861,861,86.07,0.087408
863,863,86.32,0.086621
866,866,86.57,0.08705
868,868,86.821,0.087579
871,871,87.071,0.086736
873,873,87.321,0.086335
876,876,87.571,0.087393
878,878,87.821,0.088323
881,881,88.071,0.087551
883,883,88.321,0.088323
886,886,88.571,0.088423
888,888,88.821,0.087565
891,891,89.071,0.087079
893,893,89.321,0.08685
896,896,89.571,0.087036
898,898,89.821,0.087536
901,901,90.071,0.087565
903,903,90.321,0.088266
906,906,90.571,0.087608
908,908,90.821,0.087579
911,911,91.072,0.087522
913,913,91.322,0.087593
916,916,91.572,0.08695
918,918,91.822,0.087179
921,921,92.072,0.086907
923,923,92.322,0.087579
926,926,92.572,0.086207
928,928,92.822,0.086979
931,931,93.072,0.086092
933,933,93.322,0.08635
936,936,93.572,0.086264
938,938,93.822,0.086435
941,941,94.072,0.085949
943,943,94.322,0.085535
946,946,94.572,0.086106
948,948,94.822,0.086249
951,951,95.073,0.085763
953,953,95.323,0.087493
956,956,95.573,0.086421
958,958,95.823,0.086507
961,961,96.073,0.073767
963,963,96.323,0.07208
966,966,96.573,0.07298
968,968,96.823,0.074181
971,971,97.073,0.074224
973,973,97.323,0.074253
976,976,97.573,0.073667
978,978,97.823,0.074339
981,981,98.073,0.074067
983,983,98.323,0.076183
986,986,98.573,0.078242
988,988,98.823,0.078686
991,991,99.074,0.078414
993,993,99.324,0.075654
996,996,99.574,0.070178
998,998,99.824,0.070307
1001,1001,100.07,0.069549
1003,1003,100.32,0.068248
1006,1006,100.57,0.066203
1008,1008,100.82,0.06636
1011,1011,101.07,0.065288
1013,1013,101.32,0.067204
1016,1016,101.57,0.067318
1018,1018,101.82,0.066103
1021,1021,102.07,0.066031
1023,1023,102.32,0.066746
1026,1026,102.57,0.066761
1028,1028,102.82,0.067618
1031,1031,103.07,0.073967
1033,1033,103.32,0.075583
1036,1036,103.57,0.075068
1038,1038,103.82,0.073953
1041,1041,104.07,0.074081
1043,1043,104.32,0.07381
1046,1046,104.57,0.073738
1048,1048,104.82,0.072094
1051,1051,105.07,0.072837
1053,1053,105.33,0.072694
1056,1056,105.58,0.072466
1058,1058,105.83,0.071994
1061,1061,106.08,0.071765
1063,1063,106.33,0.073009
1066,1066,106.58,0.071722
1068,1068,106.83,0.072108
1071,1071,107.08,0.072966
1073,1073,107.33,0.074253
1076,1076,107.58,0.07248
1078,1078,107.83,0.072466
1081,1081,108.08,0.07278
1083,1083,108.33,0.071922
1086,1086,108.58,0.073681
1088,1088,108.83,0.073524
1091,1091,109.08,0.074196
1093,1093,109.33,0.072652
1096,1096,109.58,0.070364
1098,1098,109.83,0.070921
1101,1101,110.08,0.072065
1103,1103,110.33,0.073681
1106,1106,110.58,0.077799
1108,1108,110.83,0.076355
1111,1111,111.08,0.075068
1113,1113,111.33,0.073881
1116,1116,111.58,0.07381
1118,1118,111.83,0.071922
1121,1121,112.08,0.07584
1123,1123,112.33,0.075926
1126,1126,112.58,0.073838
1128,1128,112.83,0.072437
1131,1131,113.08,0.072637
1133,1133,113.33,0.072208
1136,1136,113.58,0.070578
1138,1138,113.83,0.071336
1141,1141,114.08,0.06789
1143,1143,114.33,0.069735
1146,1146,114.58,0.073052
1148,1148,114.83,0.071837
1151,1151,115.08,0.070607
1153,1153,115.33,0.074725
1156,1156,115.58,0.075111
1158,1158,115.83,0.075983
1161,1161,116.08,0.076484
1163,1163,116.33,0.075583
1166,1166,116.58,0.074653
1168,1168,116.83,0.07145
1171,1171,117.08,0.070321
1173,1173,117.33,0.073066
1176,1176,117.58,0.073924
1178,1178,117.83,0.07288
1181,1181,118.08,0.073066
1183,1183,118.33,0.073138
1186,1186,118.58,0.071179
1188,1188,118.83,0.070078
1191,1191,119.08,0.068862
1193,1193,119.33,0.067533
1196,1196,119.58,0.069163
1198,1198,119.83,0.071822
1201,1201,120.08,0.072137
1203,1203,120.33,0.070292
1206,1206,120.58,0.071651
1208,1208,120.83,0.071222
1211,1211,121.08,0.070807
1213,1213,121.33,0.071579
1216,1216,121.58,0.074553
1218,1218,121.83,0.074339
1221,1221,122.08,0.073281
1223,1223,122.33,0.070936
1226,1226,122.58,0.073481
1228,1228,122.83,0.073953
1231,1231,123.08,0.072766
1233,1233,123.33,0.073338
1236,1236,123.58,0.074682
1238,1238,123.83,0.074296
1241,1241,124.08,0.074067
1243,1243,124.33,0.073052
1246,1246,124.58,0.072652
1248,1248,124.83,0.072466
1251,1251,125.08,0.073023
1253,1253,125.33,0.070864
1256,1256,125.58,0.071593
1258,1258,125.83,0.07145
1261,1261,126.08,0.071851
1263,1263,126.33,0.072294
1266,1266,126.58,0.07135
1268,1268,126.83,0.070907
1271,1271,127.08,0.070678
1273,1273,127.33,0.070593
1276,1276,127.58,0.070621
1278,1278,127.83,0.071093
1281,1281,128.08,0.071622
1283,1283,128.33,0.070864
1286,1286,128.58,0.070378
1288,1288,128.83,0.07268
1291,1291,129.08,0.072108
1293,1293,129.33,0.072652
1296,1296,129.58,0.071479
1298,1298,129.83,0.071007
1301,1301,130.08,0.071694
1303,1303,130.33,0.072108
1306,1306,130.58,0.072766
1308,1308,130.83,0.071765
1311,1311,131.08,0.072423
1313,1313,131.33,0.073409
1316,1316,131.58,0.073009
1318,1318,131.83,0.072466
1321,1321,132.08,0.071794
1323,1323,132.33,0.069792
1326,1326,132.58,0.072752
1328,1328,132.83,0.073266
1331,1331,133.08,0.070836
1333,1333,133.33,0.073667
1336,1336,133.58,0.072694
1338,1338,133.83,0.072852
1341,1341,134.08,0.071679
1343,1343,134.33,0.070135
1346,1346,134.58,0.070736
1348,1348,134.83,0.071808
1351,1351,135.08,0.070736
1353,1353,135.33,0.071265
1356,1356,135.58,0.072609
1358,1358,135.83,0.072466
1361,1361,136.08,0.071679
1363,1363,136.33,0.071336
1366,1366,136.58,0.071751
1368,1368,136.83,0.071894
1371,1371,137.08,0.072652
1373,1373,137.33,0.071751
1376,1376,137.58,0.071822
1378,1378,137.83,0.070879
1381,1381,138.08,0.070006
1383,1383,138.33,0.071179
1386,1386,138.58,0.072065
1388,1388,138.83,0.07268
1391,1391,139.08,0.071479
1393,1393,139.33,0.071865
1396,1396,139.58,0.072709
1398,1398,139.83,0.072895
1401,1401,140.08,0.073924
1403,1403,140.33,0.074682
1406,1406,140.58,0.074167
1408,1408,140.83,0.075354
1411,1411,141.08,0.073996
1413,1413,141.33,0.072895
1416,1416,141.58,0.072923
1418,1418,141.83,0.073896
1421,1421,142.08,0.073767
1423,1423,142.33,0.073981
1426,1426,142.58,0.074782
1428,1428,142.83,0.073495
1431,1431,143.08,0.073452
1433,1433,143.33,0.074353
1436,1436,143.58,0.072466
1438,1438,143.83,0.073166
1441,1441,144.08,0.072795
1443,1443,144.33,0.074053
1446,1446,144.58,0.074896
1448,1448,144.83,0.074839
1451,1451,145.08,0.074482
1453,1453,145.33,0.074811
1456,1456,145.58,0.075754
1458,1458,145.83,0.069792
1461,1461,146.08,0.070135
1463,1463,146.34,0.073066
1466,1466,146.59,0.075125
1468,1468,146.84,0.074324
1471,1471,147.09,0.075211
1473,1473,147.34,0.075683
1476,1476,147.59,0.075597
1478,1478,147.84,0.07687
1481,1481,148.09,0.076169
1483,1483,148.34,0.076927
1486,1486,148.59,0.077284
1488,1488,148.84,0.07574
1491,1491,149.09,0.077127
1493,1493,149.34,0.077499
1496,1496,149.59,0.075726
1498,1498,149.84,0.074253
1501,1501,150.09,0.075097
1503,1503,150.34,0.074911
1506,1506,150.59,0.07524
1508,1508,150.84,0.075054
1511,1511,151.09,0.073938
1513,1513,151.34,0.07361
1516,1516,151.59,0.074682
1518,1518,151.84,0.074939
1521,1521,152.09,0.075154
1523,1523,152.34,0.076283
1526,1526,152.59,0.074239
1528,1528,152.84,0.073738
1531,1531,153.09,0.074496
1533,1533,153.34,0.073595
1536,1536,153.59,0.07381
1538,1538,153.84,0.075197
1541,1541,154.09,0.07298
1543,1543,154.34,0.072308
1546,1546,154.59,0.073924
1548,1548,154.84,0.074324
1551,1551,155.09,0.076426
1553,1553,155.34,0.076827
1556,1556,155.59,0.076641
1558,1558,155.84,0.077327
1561,1561,156.09,0.076984
1563,1563,156.34,0.077413
1566,1566,156.59,0.077041
1568,1568,156.84,0.077141
1571,1571,157.09,0.077885
1573,1573,157.34,0.076755
1576,1576,157.59,0.076655
1578,1578,157.84,0.076298
1581,1581,158.09,0.077885
1583,1583,158.34,0.077241
1586,1586,158.59,0.077141
1588,1588,158.84,0.075969
1591,1591,159.09,0.077384
1593,1593,159.34,0.075297
1596,1596,159.59,0.078056
1598,1598,159.84,0.0785
1601,1601,160.09,0.078886
1603,1603,160.34,0.076855
1606,1606,160.59,0.077627
1608,1608,160.84,0.078557
1611,1611,161.09,0.079529
1613,1613,161.34,0.079815
1616,1616,161.59,0.079515
1618,1618,161.84,0.081231
1621,1621,162.09,0.080215
1623,1623,162.34,0.080158
1626,1626,162.59,0.08033
1628,1628,162.84,0.079358
1631,1631,163.09,0.080845
1633,1633,163.34,0.079529
1636,1636,163.59,0.080215
1638,1638,163.84,0.080459
1641,1641,164.09,0.080902
1643,1643,164.34,0.079257
1646,1646,164.59,0.081917
1648,1648,164.84,0.079458
1651,1651,165.09,0.078643
1653,1653,165.34,0.078728
1656,1656,165.59,0.079558
1658,1658,165.84,0.076913
1661,1661,166.09,0.077756
1663,1663,166.34,0.078485
1666,1666,166.59,0.079057
1668,1668,166.84,0.078371
1671,1671,167.09,0.079014
1673,1673,167.34,0.078829
1676,1676,167.59,0.078671
1678,1678,167.84,0.078042
1681,1681,168.09,0.0787
1683,1683,168.34,0.079
1686,1686,168.59,0.079458
1688,1688,168.84,0.079429
1691,1691,169.09,0.076584
1693,1693,169.34,0.078442
1696,1696,169.59,0.079329
1698,1698,169.84,0.078028
1701,1701,170.09,0.079929
1703,1703,170.34,0.078814
1706,1706,170.59,0.0785
1708,1708,170.84,0.08063
1711,1711,171.09,0.084219
1713,1713,171.34,0.082661
1716,1716,171.59,0.08206
1718,1718,171.84,0.080945
1721,1721,172.09,0.080673
1723,1723,172.34,0.079958
1726,1726,172.59,0.080459
1728,1728,172.84,0.079929
1731,1731,173.09,0.080473
1733,1733,173.34,0.081703
1736,1736,173.59,0.082503
1738,1738,173.84,0.081102
1741,1741,174.09,0.082589
1743,1743,174.34,0.082475
1746,1746,174.59,0.083661
1748,1748,174.84,0.080058
1751,1751,175.09,0.080859
1753,1753,175.34,0.081059
1756,1756,175.59,0.081274
1758,1758,175.84,0.08196
1761,1761,176.09,0.080115
1763,1763,176.34,0.082346
1766,1766,176.59,0.081946
1768,1768,176.84,0.081131
1771,1771,177.09,0.082217
1773,1773,177.34,0.081316
1776,1776,177.59,0.08216
1778,1778,177.84,0.08166
1781,1781,178.09,0.081059
1783,1783,178.34,0.081231
1786,1786,178.59,0.082317
1788,1788,178.84,0.082546
1791,1791,179.09,0.08043
1793,1793,179.34,0.081831
1796,1796,179.59,0.080115
1798,1798,179.84,0.082174
1801,1801,180.09,0.083132
1803,1803,180.34,0.082718
1806,1806,180.59,0.082675
1808,1808,180.84,0.08206
1811,1811,181.09,0.082274
1813,1813,181.34,0.081803
1816,1816,181.59,0.082131
1818,1818,181.84,0.082546
1821,1821,182.09,0.081817
1823,1823,182.34,0.081845
1826,1826,182.59,0.082575
1828,1828,182.84,0.083247
1831,1831,183.09,0.084333
1833,1833,183.34,0.085048
1836,1836,183.59,0.083904
1838,1838,183.84,0.083819
1841,1841,184.09,0.08319
1843,1843,184.34,0.082475
1846,1846,184.59,0.083032
1848,1848,184.84,0.083633
1851,1851,185.09,0.082575
1853,1853,185.34,0.081545
1856,1856,185.59,0.081459
1858,1858,185.84,0.082546
1861,1861,186.09,0.079972
1863,1863,186.34,0.080988
1866,1866,186.59,0.080759
1868,1868,186.84,0.080044
1871,1871,187.09,0.085291
1873,1873,187.35,0.085406
1876,1876,187.6,0.083661
1878,1878,187.85,0.084047
1881,1881,188.1,0.084419
1883,1883,188.35,0.084662
1886,1886,188.6,0.085635
1888,1888,188.85,0.085349
1891,1891,189.1,0.083104
1893,1893,189.35,0.082389
1896,1896,189.6,0.083261
1898,1898,189.85,0.084419
1901,1901,190.1,0.083504
1903,1903,190.35,0.083275
1906,1906,190.6,0.083904
1908,1908,190.85,0.083347
1911,1911,191.1,0.083247
1913,1913,191.35,0.084376
1916,1916,191.6,0.083461
1918,1918,191.85,0.082932
1921,1921,192.1,0.084205
1923,1923,192.35,0.083318
1926,1926,192.6,0.083461
1928,1928,192.85,0.083733
1931,1931,193.1,0.083776
1933,1933,193.35,0.084762
1936,1936,193.6,0.084319
1938,1938,193.85,0.083947
1941,1941,194.1,0.083704
1943,1943,194.35,0.083261
1946,1946,194.6,0.086278
1948,1948,194.85,0.084391
1951,1951,195.1,0.087536
1953,1953,195.35,0.084791
1956,1956,195.6,0.085134
1958,1958,195.85,0.084491
1961,1961,196.1,0.084362
1963,1963,196.35,0.084591
1966,1966,196.6,0.085863
1968,1968,196.85,0.084448
1971,1971,197.1,0.085878
1973,1973,197.35,0.085806
1976,1976,197.6,0.085706
1978,1978,197.85,0.084634
1981,1981,198.1,0.084777
1983,1983,198.35,0.084462
1986,1986,198.6,0.083418
1988,1988,198.85,0.083704
1991,1991,199.1,0.084148
1993,1993,199.35,0.084862
1996,1996,199.6,0.085263
1998,1998,199.85,0.084977
2001,2001,200.1,0.083947
2003,2003,200.35,0.083132
2006,2006,200.6,0.08409
2008,2008,200.85,0.08389
2011,2011,201.1,0.084419
2013,2013,201.35,0.084548
2016,2016,201.6,0.084376
2018,2018,201.85,0.084248
2021,2021,202.1,0.08319
2023,2023,202.35,0.085763
2026,2026,202.6,0.084991
2028,2028,202.85,0.083647
2031,2031,203.1,0.083404
2033,2033,203.35,0.084948
2036,2036,203.6,0.083933
2038,2038,203.85,0.083976
2041,2041,204.1,0.084419
2043,2043,204.35,0.08319
2046,2046,204.6,0.084148
2048,2048,204.85,0.084748
2051,2051,205.1,0.084691
2053,2053,205.35,0.085792
2056,2056,205.6,0.085392
2058,2058,205.85,0.085692
2061,2061,206.1,0.086392
2063,2063,206.35,0.085692
2066,2066,206.6,0.085563
2068,2068,206.85,0.083976
2071,2071,207.1,0.085106
2073,2073,207.35,0.084562
2076,2076,207.6,0.08389
2079,2079,207.85,0.083947
2081,2081,208.1,0.084691
2084,2084,208.35,0.084176
2086,2086,208.6,0.083547
2089,2089,208.85,0.083418
2091,2091,209.1,0.085349
2094,2094,209.35,0.083032
2096,2096,209.6,0.084934
2099,2099,209.85,0.083876
2101,2101,210.1,0.082775
2104,2104,210.35,0.083247
2106,2106,210.6,0.083275
2109,2109,210.85,0.083676
2111,2111,211.1,0.083862
2114,2114,211.35,0.083647
2116,2116,211.6,0.083433
2119,2119,211.85,0.084577
2121,2121,212.1,0.083647
2124,2124,212.35,0.084362
2126,2126,212.6,0.085792
2129,2129,212.85,0.085177
2131,2131,213.1,0.084791
2134,2134,213.35,0.084233
2136,2136,213.6,0.083747
2139,2139,213.85,0.083933
2141,2141,214.1,0.083633
2144,2144,214.35,0.085663
2146,2146,214.6,0.085434
2149,2149,214.85,0.084305
2151,2151,215.1,0.084405
2154,2154,215.35,0.084891
2156,2156,215.6,0.08675
2159,2159,215.85,0.08512
2161,2161,216.1,0.085906
2164,2164,216.35,0.086207
2166,2166,216.6,0.086578
2169,2169,216.85,0.086921
2171,2171,217.1,0.086049
2174,2174,217.35,0.086235
2176,2176,217.6,0.085577
2179,2179,217.85,0.087522
2181,2181,218.1,0.086778
2184,2184,218.35,0.086807
2186,2186,218.6,0.085763
2189,2189,218.85,0.08725
2191,2191,219.1,0.086464
2194,2194,219.35,0.085106
2196,2196,219.6,0.085906
2199,2199,219.85,0.08735
2201,2201,220.1,0.087079
2204,2204,220.35,0.085706
2206,2206,220.6,0.086006
2209,2209,220.85,0.086364
2211,2211,221.1,0.085692
2214,2214,221.35,0.086764
2216,2216,221.6,0.087579
2219,2219,221.85,0.087608
2221,2221,222.1,0.087565
2224,2224,222.35,0.087608
2226,2226,222.6,0.08838
2229,2229,222.85,0.089109
2231,2231,223.1,0.088423
2234,2234,223.35,0.088308
2236,2236,223.6,0.089066
2239,2239,223.85,0.088266
2241,2241,224.1,0.088423
2244,2244,224.35,0.088366
2246,2246,224.6,0.088366
2249,2249,224.85,0.087636
2251,2251,225.1,0.08838
2254,2254,225.35,0.088409
2256,2256,225.6,0.088337
2259,2259,225.85,0.088323
2261,2261,226.1,0.089109
2264,2264,226.35,0.088337
2266,2266,226.6,0.082174
2269,2269,226.85,0.07298
2271,2271,227.1,0.074224
2274,2274,227.35,0.070378
2276,2276,227.6,0.071551
2279,2279,227.85,0.068662
2281,2281,228.11,0.06779
2284,2284,228.36,0.070607
2286,2286,228.61,0.069835
2289,2289,228.86,0.074239
2291,2291,229.11,0.076269
2294,2294,229.36,0.078571
2296,2296,229.61,0.077413
2299,2299,229.86,0.077713
2301,2301,230.11,0.077627
2304,2304,230.36,0.078071
2306,2306,230.61,0.077527
2309,2309,230.86,0.077656
2311,2311,231.11,0.077055
2314,2314,231.36,0.078214
2316,2316,231.61,0.078228
2319,2319,231.86,0.077627
2321,2321,232.11,0.078028
2324,2324,232.36,0.077685
2326,2326,232.61,0.076155
2329,2329,232.86,0.073853
2331,2331,233.11,0.071551
2334,2334,233.36,0.070378
2336,2336,233.61,0.07095
2339,2339,233.86,0.073123
2341,2341,234.11,0.071808
2344,2344,234.36,0.073081
2346,2346,234.61,0.070764
2349,2349,234.86,0.071736
2351,2351,235.11,0.071136
2354,2354,235.36,0.070964
2356,2356,235.61,0.071736
2359,2359,235.86,0.076469
2361,2361,236.11,0.077084
2364,2364,236.36,0.075783
2366,2366,236.61,0.07441
2369,2369,236.86,0.074139
2371,2371,237.11,0.07737
2374,2374,237.36,0.077098
2376,2376,237.61,0.077799
2379,2379,237.86,0.079229
2381,2381,238.11,0.08003
2384,2384,238.36,0.078686
2386,2386,238.61,0.079358
2389,2389,238.86,0.08103
2391,2391,239.11,0.079358
2394,2394,239.36,0.079086
2396,2396,239.61,0.078371
2399,2399,239.86,0.079658
2401,2401,240.11,0.079129
2404,2404,240.36,0.078099
2406,2406,240.61,0.077942
2409,2409,240.86,0.077356
2411,2411,241.11,0.077384
2414,2414,241.36,0.077642
2416,2416,241.61,0.076812
2419,2419,241.86,0.07717
2421,2421,242.11,0.078743
2424,2424,242.36,0.080158
2426,2426,242.61,0.079343
2429,2429,242.86,0.081016
2431,2431,243.11,0.080215
2434,2434,243.36,0.080401
2436,2436,243.61,0.080859
2439,2439,243.86,0.082961
2441,2441,244.11,0.082832
2444,2444,244.36,0.080301
2446,2446,244.61,0.081159
2449,2449,244.86,0.081602
2451,2451,245.11,0.08206
2454,2454,245.36,0.081903
2456,2456,245.61,0.085878
2459,2459,245.86,0.085106
2461,2461,246.11,0.084376
2464,2464,246.36,0.084476
2466,2466,246.61,0.085792
2469,2469,246.86,0.084977
2471,2471,247.11,0.085921
2474,2474,247.36,0.085935
2476,2476,247.61,0.086092
2479,2479,247.86,0.085063
2481,2481,248.11,0.085906
2484,2484,248.36,0.084777
2486,2486,248.61,0.083947
2489,2489,248.86,0.085377
2491,2491,249.11,0.086164
2494,2494,249.36,0.085392
2496,2496,249.61,0.086278
2499,2499,249.86,0.085949
2501,2501,250.11,0.08645
2504,2504,250.36,0.085663
2506,2506,250.61,0.08735
2509,2509,250.86,0.087479
2511,2511,251.11,0.086807
2514,2514,251.36,0.085506
2516,2516,251.61,0.086078
2519,2519,251.86,0.085077
2521,2521,252.11,0.08532
2524,2524,252.36,0.084777
2526,2526,252.61,0.083761
2529,2529,252.86,0.084133
2531,2531,253.11,0.084948
2534,2534,253.36,0.083175
2536,2536,253.61,0.084434
2539,2539,253.86,0.083089
2541,2541,254.11,0.082317
2544,2544,254.36,0.082703
2546,2546,254.61,0.083275
2549,2549,254.86,0.083447
2551,2551,255.11,0.084691
2554,2554,255.36,0.085406
2556,2556,255.61,0.084562
2559,2559,255.86,0.089109
2561,2561,256.11,0.088423
2564,2564,256.36,0.089138
2566,2566,256.61,0.089152
2569,2569,256.86,0.089138
2571,2571,257.11,0.089109
2574,2574,257.36,0.088409
2576,2576,257.61,0.088437
2579,2579,257.86,0.087636
2581,2581,258.11,0.087551
2584,2584,258.36,0.088366
2586,2586,258.61,0.088351
2589,2589,258.86,0.088323
2591,2591,259.11,0.088337
2594,2594,259.36,0.086578
2596,2596,259.61,0.089095
2599,2599,259.86,0.088337
2601,2601,260.11,0.088337
2604,2604,260.36,0.087565
2606,2606,260.61,0.087493
2609,2609,260.86,0.086421
2611,2611,261.11,0.084519
2614,2614,261.36,0.084462
2616,2616,261.61,0.082618
2619,2619,261.86,0.083533
2621,2621,262.11,0.08409
2624,2624,262.36,0.084219
2626,2626,262.61,0.082918
2629,2629,262.86,0.084005
2631,2631,263.11,0.082818
2634,2634,263.36,0.083304
2636,2636,263.61,0.083304
2639,2639,263.86,0.084076
2641,2641,264.11,0.084848
2644,2644,264.36,0.085649
2646,2646,264.61,0.085334
2649,2649,264.86,0.085134
2651,2651,265.11,0.088423
2654,2654,265.36,0.087508
2656,2656,265.61,0.085677
2659,2659,265.86,0.087608
2661,2661,266.11,0.087651
2664,2664,266.36,0.088323
2666,2666,266.61,0.087579
2669,2669,266.86,0.087608
2671,2671,267.11,0.087608
2674,2674,267.36,0.089595
2676,2676,267.61,0.088409
2679,2679,267.86,0.08838
2681,2681,268.11,0.088423
2684,2684,268.36,0.089038
2686,2686,268.61,0.088366
2689,2689,268.86,0.088409
2691,2691,269.12,0.088351
2694,2694,269.37,0.088351
2696,2696,269.62,0.088366
2699,2699,269.87,0.088366
2701,2701,270.12,0.089138
2704,2704,270.37,0.089123
2706,2706,270.62,0.089138
2709,2709,270.87,0.088251
2711,2711,271.12,0.088437
2714,2714,271.37,0.089038
2716,2716,271.62,0.090467
2719,2719,271.87,0.089181
2721,2721,272.12,0.089109
2724,2724,272.37,0.089066
2726,2726,272.62,0.088366
2729,2729,272.87,0.088308
2731,2731,273.12,0.088437
2734,2734,273.37,0.089109
2736,2736,273.62,0.088423
2739,2739,273.87,0.088337
2741,2741,274.12,0.087651
2744,2744,274.37,0.08838
2746,2746,274.62,0.088409
2749,2749,274.87,0.089138
2751,2751,275.12,0.089066
2754,2754,275.37,0.088351
2756,2756,275.62,0.08838
2759,2759,275.87,0.088366
2761,2761,276.12,0.088366
2764,2764,276.37,0.088394
2766,2766,276.62,0.088394
2769,2769,276.87,0.08838
2771,2771,277.12,0.089066
2774,2774,277.37,0.089109
2776,2776,277.62,0.088437
2779,2779,277.87,0.089066
2781,2781,278.12,0.08838
2784,2784,278.37,0.088366
2786,2786,278.62,0.089152
2789,2789,278.87,0.088337
2791,2791,279.12,0.088394
2794,2794,279.37,0.089166
2796,2796,279.62,0.089667
2799,2799,279.87,0.089738
2801,2801,280.12,0.089166
2804,2804,280.37,0.089109
2806,2806,280.62,0.088294
2809,2809,280.87,0.088394
2811,2811,281.12,0.087636
2814,2814,281.37,0.088466
2816,2816,281.62,0.088337
2819,2819,281.87,0.08838
2821,2821,282.12,0.088394
2824,2824,282.37,0.088323
2826,2826,282.62,0.090053
2829,2829,282.87,0.089081
2831,2831,283.12,0.089166
2834,2834,283.37,0.089152
2836,2836,283.62,0.089095
2839,2839,283.87,0.088323
2841,2841,284.12,0.089066
2844,2844,284.37,0.089967
2846,2846,284.62,0.089681
2849,2849,284.87,0.08971
2851,2851,285.12,0.090053
2854,2854,285.37,0.090653
2856,2856,285.62,0.089753
2859,2859,285.87,0.090982
2861,2861,286.12,0.089109
2864,2864,286.37,0.088323
2866,2866,286.62,0.089123
2869,2869,286.87,0.089109
2871,2871,287.12,0.090039
2874,2874,287.37,0.088409
2876,2876,287.62,0.089023
2879,2879,287.87,0.089081
2881,2881,288.12,0.089109
2884,2884,288.37,0.088437
2886,2886,288.62,0.088437
2889,2889,288.87,0.089023
2891,2891,289.12,0.088223
2894,2894,289.37,0.088366
2896,2896,289.62,0.08838
2899,2899,289.87,0.088308
2901,2901,290.12,0.088423
2904,2904,290.37,0.088437
2906,2906,290.62,0.089109
2909,2909,290.87,0.08838
2911,2911,291.12,0.088323
2914,2914,291.37,0.089066
2916,2916,291.62,0.090711
2919,2919,291.87,0.089681
2921,2921,292.12,0.089695
2924,2924,292.37,0.089138
2926,2926,292.62,0.090096
2929,2929,292.87,0.088394
2931,2931,293.12,0.088409
2934,2934,293.37,0.084462
2936,2936,293.62,0.078114
2939,2939,293.87,0.07411
2941,2941,294.12,0.075011
2944,2944,294.37,0.074839
2946,2946,294.62,0.082046
2949,2949,294.87,0.083719
2951,2951,295.12,0.084248
2954,2954,295.37,0.080416
2956,2956,295.62,0.0786
2959,2959,295.87,0.083004
2961,2961,296.12,0.089109
2964,2964,296.37,0.089695
2966,2966,296.62,0.090453
2969,2969,296.87,0.092398
2971,2971,297.12,0.091125
2974,2974,297.37,0.089924
2976,2976,297.62,0.10032
2979,2979,297.87,0.091769
2981,2981,298.12,0.087265
2984,2984,298.37,0.086121
2986,2986,298.62,0.086064
2989,2989,298.87,0.085291
2991,2991,299.12,0.085048
2994,2994,299.37,0.087107
2996,2996,299.62,0.087565
2999,2999,299.87,0.086793
3001,3001,300.12,0.086793
3004,3004,300.37,0.086621
3006,3006,300.62,0.087036
3009,3009,300.87,0.087551
3011,3011,301.12,0.087565
3014,3014,301.37,0.087579
3016,3016,301.62,0.087608
3019,3019,301.87,0.088294
3021,3021,302.12,0.087622
3024,3024,302.37,0.08828
3026,3026,302.62,0.094771
3029,3029,302.87,0.094843
3031,3031,303.12,0.089724
3034,3034,303.37,0.091797
3036,3036,303.62,0.092484
3039,3039,303.87,0.091611
3041,3041,304.12,0.09347
3044,3044,304.37,0.093642
3046,3046,304.62,0.094042
3049,3049,304.87,0.093813
3051,3051,305.12,0.092784
3054,3054,305.37,0.093685
3056,3056,305.62,0.094914
3059,3059,305.87,0.093299
3061,3061,306.12,0.092998
3064,3064,306.37,0.093899
3066,3066,306.62,0.095257
3069,3069,306.87,0.096201
3071,3071,307.12,0.094514
3074,3074,307.37,0.094157
3076,3076,307.62,0.094528
3079,3079,307.87,0.09337
3081,3081,308.12,0.094014
3084,3084,308.37,0.094957
3086,3086,308.62,0.097145
3089,3089,308.87,0.096802
3091,3091,309.12,0.094972
3094,3094,309.37,0.095043
3096,3096,309.62,0.095286
3099,3099,309.87,0.0948
3101,3101,310.13,0.094728
3104,3104,310.38,0.095229
3106,3106,310.63,0.096244
3109,3109,310.88,0.09673
3111,3111,311.13,0.097159
3114,3114,311.38,0.097831
3116,3116,311.63,0.097302
3119,3119,311.88,0.097717
3121,3121,312.13,0.097245
3124,3124,312.38,0.095701
3126,3126,312.63,0.096973
3129,3129,312.88,0.096501
3131,3131,313.13,0.097302
3134,3134,313.38,0.097917
3136,3136,313.63,0.095443
3139,3139,313.88,0.094929
3141,3141,314.13,0.096916
3144,3144,314.38,0.096773
3146,3146,314.63,0.096802
3149,3149,314.88,0.096301
3151,3151,315.13,0.096001
3154,3154,315.38,0.095486
3156,3156,315.63,0.096487
3159,3159,315.88,0.095615
3161,3161,316.13,0.096659
3164,3164,316.38,0.095915
3166,3166,316.63,0.096158
3169,3169,316.88,0.095
3171,3171,317.13,0.097459
3174,3174,317.38,0.098489
3176,3176,317.63,0.095958
3179,3179,317.88,0.095372
3181,3181,318.13,0.097345
3184,3184,318.38,0.098546
3186,3186,318.63,0.098475
3189,3189,318.88,0.097045
3191,3191,319.13,0.095486
3194,3194,319.38,0.0952
3196,3196,319.63,0.0953
3199,3199,319.88,0.0949
3201,3201,320.13,0.095586
3204,3204,320.38,0.095458
3206,3206,320.63,0.094028
3209,3209,320.88,0.094543
3211,3211,321.13,0.094829
3214,3214,321.38,0.093971
3216,3216,321.63,0.092541
3219,3219,321.88,0.090725
3221,3221,322.13,0.090096
3224,3224,322.38,0.090982
3226,3226,322.63,0.090896
3229,3229,322.88,0.090467
3231,3231,323.13,0.089109
3234,3234,323.38,0.088451
3236,3236,323.63,0.089152
3239,3239,323.88,0.092369
3241,3241,324.13,0.094585
3244,3244,324.38,0.0945
3246,3246,324.63,0.093256
3249,3249,324.88,0.093184
3251,3251,325.13,0.094242
3254,3254,325.38,0.093184
3256,3256,325.63,0.092727
3259,3259,325.88,0.094314
3261,3261,326.13,0.093985
3264,3264,326.38,0.094857
3266,3266,326.63,0.0947
3269,3269,326.88,0.094128
3271,3271,327.13,0.095515
3274,3274,327.38,0.094686
3276,3276,327.63,0.094728
3279,3279,327.88,0.095744
3281,3281,328.13,0.097731
3284,3284,328.38,0.099047
3286,3286,328.63,0.097717
3289,3289,328.88,0.097831
3291,3291,329.13,0.097731
3294,3294,329.38,0.096544
3296,3296,329.63,0.09623
3299,3299,329.88,0.094614
3301,3301,330.13,0.094442
3304,3304,330.38,0.095143
3306,3306,330.63,0.096073
3309,3309,330.88,0.097817
3311,3311,331.13,0.098375
3314,3314,331.38,0.097545
3316,3316,331.63,0.097231
3319,3319,331.88,0.099604
3321,3321,332.13,0.099161
3324,3324,332.38,0.097274
3326,3326,332.63,0.095486
3329,3329,332.88,0.094171
3331,3331,333.13,0.094242
3334,3334,333.38,0.094686
3336,3336,333.63,0.095644
3339,3339,333.88,0.0946
3341,3341,334.13,0.094657
3344,3344,334.38,0.094557
3346,3346,334.63,0.096215
3349,3349,334.88,0.095515
3351,3351,335.13,0.097645
3354,3354,335.38,0.09836
3356,3356,335.63,0.096058
3359,3359,335.88,0.09673
3361,3361,336.13,0.09593
3364,3364,336.38,0.098417
3366,3366,336.63,0.097602
3369,3369,336.88,0.096659
3371,3371,337.13,0.095958
3374,3374,337.38,0.093899
3376,3376,337.63,0.094042
3379,3379,337.88,0.089638
3381,3381,338.13,0.086249
3384,3384,338.38,0.085563
3386,3386,338.63,0.082475
3389,3389,338.88,0.081988
3391,3391,339.13,0.083661
3394,3394,339.38,0.087608
3396,3396,339.63,0.098303
3399,3399,339.88,0.099847
3401,3401,340.13,0.098732
3404,3404,340.38,0.094242
3406,3406,340.63,0.0951
3409,3409,340.88,0.094943
3411,3411,341.13,0.086607
3414,3414,341.38,0.086106
3416,3416,341.63,0.089109
3419,3419,341.88,0.089753
3421,3421,342.13,0.09327
3424,3424,342.38,0.093084
3426,3426,342.63,0.092898
3429,3429,342.88,0.093027
3431,3431,343.13,0.093956
3434,3434,343.38,0.093399
3436,3436,343.63,0.094171
3439,3439,343.88,0.094299
3441,3441,344.13,0.093813
3444,3444,344.38,0.0948
3446,3446,344.63,0.094829
3449,3449,344.88,0.095515
3451,3451,345.13,0.095529
3454,3454,345.38,0.095472
3456,3456,345.63,0.095115
3459,3459,345.88,0.094986
3461,3461,346.13,0.094972
3464,3464,346.38,0.096287
3466,3466,346.63,0.096373
3469,3469,346.88,0.097302
3471,3471,347.13,0.095872
3474,3474,347.38,0.095243
3476,3476,347.63,0.095572
3479,3479,347.88,0.096459
3481,3481,348.13,0.095586
3484,3484,348.38,0.095029
3486,3486,348.63,0.096673
3489,3489,348.88,0.096988
3491,3491,349.13,0.096101
3494,3494,349.38,0.096959
3496,3496,349.63,0.096544
3499,3499,349.88,0.095543
3501,3501,350.13,0.09633
3504,3504,350.38,0.096687
3506,3506,350.63,0.096787
3509,3509,350.88,0.096144
3511,3511,351.14,0.095644
3514,3514,351.39,0.094914
3516,3516,351.64,0.095729
3519,3519,351.89,0.095858
3521,3521,352.14,0.096759
3524,3524,352.39,0.097088
3526,3526,352.64,0.097202
3529,3529,352.89,0.097245
3531,3531,353.14,0.094671
3534,3534,353.39,0.095386
3536,3536,353.64,0.096587
3539,3539,353.89,0.097173
3541,3541,354.14,0.096087
3544,3544,354.39,0.096644
3546,3546,354.64,0.096215
3549,3549,354.89,0.095872
3551,3551,355.14,0.095115
3554,3554,355.39,0.096044
3556,3556,355.64,0.097302
3559,3559,355.89,0.097002
3561,3561,356.14,0.097288
3564,3564,356.39,0.096988
3566,3566,356.64,0.097216
3569,3569,356.89,0.099518
3571,3571,357.14,0.097717
3574,3574,357.39,0.096644
3576,3576,357.64,0.098632
3579,3579,357.89,0.097159
3581,3581,358.14,0.097145
3584,3584,358.39,0.097717
3586,3586,358.64,0.097674
3589,3589,358.89,0.096802
3591,3591,359.14,0.097288
3594,3594,359.39,0.097031
3596,3596,359.64,0.095987
3599,3599,359.89,0.096759
3601,3601,360.14,0.097002
3604,3604,360.39,0.097674
3606,3606,360.64,0.095987
3609,3609,360.89,0.09683
3611,3611,361.14,0.097459
3614,3614,361.39,0.099747
3616,3616,361.64,0.097989
3619,3619,361.89,0.097531
3621,3621,362.14,0.097002
3624,3624,362.39,0.098961
3626,3626,362.64,0.098375
3629,3629,362.89,0.10013
3631,3631,363.14,0.09999
3634,3634,363.39,0.097831
3636,3636,363.64,0.097245
3639,3639,363.89,0.096973
3641,3641,364.14,0.097974
3644,3644,364.39,0.096759
3646,3646,364.64,0.097888
3649,3649,364.89,0.097459
3651,3651,365.14,0.097188
3654,3654,365.39,0.097631
3656,3656,365.64,0.097402
3659,3659,365.89,0.096902
3661,3661,366.14,0.097288
3664,3664,366.39,0.097031
3666,3666,366.64,0.097974
3669,3669,366.89,0.098417
3671,3671,367.14,0.09826
3674,3674,367.39,0.097774
3676,3676,367.64,0.098804
3679,3679,367.89,0.097803
3681,3681,368.14,0.097417
3684,3684,368.39,0.096616
3686,3686,368.64,0.097274
3689,3689,368.89,0.097259
3691,3691,369.14,0.097846
3694,3694,369.39,0.098017
3696,3696,369.64,0.097602
3699,3699,369.89,0.096401
3701,3701,370.14,0.097574
3704,3704,370.39,0.098518
3706,3706,370.64,0.098103
3709,3709,370.89,0.098518
3711,3711,371.14,0.097359
3714,3714,371.39,0.097502
3716,3716,371.64,0.097846
3719,3719,371.89,0.097545
3721,3721,372.14,0.097502
3724,3724,372.39,0.098246
3726,3726,372.64,0.098346
3729,3729,372.89,0.098603
3731,3731,373.14,0.098503
3734,3734,373.39,0.099318
3736,3736,373.64,0.098618
3739,3739,373.89,0.099375
3741,3741,374.14,0.098575
3744,3744,374.39,0.099261
3746,3746,374.64,0.099719
3749,3749,374.89,0.098403
3751,3751,375.14,0.098203
3754,3754,375.39,0.098089
3756,3756,375.64,0.099218
3759,3759,375.89,0.098918
3761,3761,376.14,0.099204
3764,3764,376.39,0.09683
3766,3766,376.64,0.098317
3769,3769,376.89,0.098589
3771,3771,377.14,0.098932
3774,3774,377.39,0.098989
3776,3776,377.64,0.09766
3779,3779,377.89,0.09806
3781,3781,378.14,0.099533
3784,3784,378.39,0.098589
3786,3786,378.64,0.099762
3789,3789,378.89,0.098989
3791,3791,379.14,0.098675
3794,3794,379.39,0.098274
3796,3796,379.64,0.098117
3799,3799,379.89,0.098332
3801,3801,380.14,0.099733
3804,3804,380.39,0.099232
3806,3806,380.64,0.09989
3809,3809,380.89,0.10078
3811,3811,381.14,0.10093
3814,3814,381.39,0.1003
3816,3816,381.64,0.099619
3819,3819,381.89,0.099762
3821,3821,382.14,0.10012
3824,3824,382.39,0.10045
3826,3826,382.64,0.09959
3829,3829,382.89,0.099161
3831,3831,383.14,0.099118
3834,3834,383.39,0.098332
3836,3836,383.64,0.10032
3839,3839,383.89,0.10023
3841,3841,384.14,0.099733
3844,3844,384.39,0.099576
3846,3846,384.64,0.099719
3849,3849,384.89,0.099347
3851,3851,385.14,0.099132
3854,3854,385.39,0.099047
3856,3856,385.64,0.099476
3859,3859,385.89,0.10101
3861,3861,386.14,0.10072
3864,3864,386.39,0.1003
3866,3866,386.64,0.10089
3869,3869,386.89,0.10146
3871,3871,387.14,0.10023
3874,3874,387.39,0.10033
3876,3876,387.64,0.10032
3879,3879,387.89,0.098489
3881,3881,388.14,0.10119
3884,3884,388.39,0.10069
3886,3886,388.64,0.10052
3889,3889,388.89,0.10016
3891,3891,389.14,0.10022
3894,3894,389.39,0.10095
3896,3896,389.64,0.10095
3899,3899,389.89,0.10035
3901,3901,390.14,0.10146
3904,3904,390.39,0.1003
3906,3906,390.64,0.10035
3909,3909,390.89,0.10119
3911,3911,391.14,0.099647
3914,3914,391.39,0.099604
3916,3916,391.64,0.10075
3919,3919,391.89,0.10019
3921,3921,392.15,0.099661
3924,3924,392.4,0.1004
3926,3926,392.65,0.10175
3929,3929,392.9,0.10052
3931,3931,393.15,0.10255
3934,3934,393.4,0.10093
3936,3936,393.65,0.10066
3939,3939,393.9,0.099647
3941,3941,394.15,0.10143
3944,3944,394.4,0.10051
3946,3946,394.65,0.09979
3949,3949,394.9,0.10133
3951,3951,395.15,0.10245
3954,3954,395.4,0.10146
3956,3956,395.65,0.10076
3959,3959,395.9,0.10089
3961,3961,396.15,0.10229
3964,3964,396.4,0.09999
3966,3966,396.65,0.097302
3969,3969,396.9,0.097302
3971,3971,397.15,0.09816
3974,3974,397.4,0.099433
3976,3976,397.65,0.10088
3979,3979,397.9,0.10112
3981,3981,398.15,0.10311
3984,3984,398.4,0.10138
3986,3986,398.65,0.10158
3989,3989,398.9,0.10158
3991,3991,399.15,0.10211
3994,3994,399.4,0.10208
3996,3996,399.65,0.10149
3999,3999,399.9,0.10306
4001,4001,400.15,0.10279
4004,4004,400.4,0.10384
4006,4006,400.65,0.10211
4009,4009,400.9,0.10248
4011,4011,401.15,0.10316
4014,4014,401.4,0.10299
4016,4016,401.65,0.10336
4019,4019,401.9,0.10269
4021,4021,402.15,0.10341
4024,4024,402.4,0.10458
4026,4026,402.65,0.10355
4029,4029,402.9,0.10389
4031,4031,403.15,0.10439
4034,4034,403.4,0.10401
4036,4036,403.65,0.10361
4039,4039,403.9,0.1056
4041,4041,404.15,0.10435
4044,4044,404.4,0.10409
4046,4046,404.65,0.10495
4049,4049,404.9,0.10497
4051,4051,405.15,0.10418
4054,4054,405.4,0.10575
4056,4056,405.65,0.10607
4059,4059,405.9,0.10472
4061,4061,406.15,0.10544
4064,4064,406.4,0.10509
4066,4066,406.65,0.10582
4069,4069,406.9,0.097259
4071,4071,407.15,0.093098
4074,4074,407.4,0.092727
4076,4076,407.65,0.087536
4079,4079,407.9,0.08828
4081,4081,408.15,0.08828
4084,4084,408.4,0.087651
4086,4086,408.65,0.087579
4089,4089,408.9,0.088308
4091,4091,409.15,0.087651
4094,4094,409.4,0.08838
4096,4096,409.65,0.089924
4099,4099,409.9,0.089652
4101,4101,410.15,0.089924
4104,4104,410.4,0.091812
4106,4106,410.65,0.09061
4109,4109,410.9,0.091068
4111,4111,411.15,0.090997
4114,4114,411.4,0.091368
4116,4116,411.65,0.089181
4119,4119,411.9,0.090753
4121,4121,412.15,0.091726
4124,4124,412.4,0.093928
4127,4127,412.65,0.091068
4129,4129,412.9,0.089981
4132,4132,413.15,0.090553
4134,4134,413.4,0.090939
4137,4137,413.65,0.090811
4139,4139,413.9,0.090682
4142,4142,414.15,0.091669
4144,4144,414.4,0.090954
4147,4147,414.65,0.090167
4149,4149,414.9,0.091383
4152,4152,415.15,0.089738
4154,4154,415.4,0.090796
4157,4157,415.65,0.094285
4159,4159,415.9,0.095358
4162,4162,416.15,0.094543
4164,4164,416.4,0.0954
4167,4167,416.65,0.097245
4169,4169,416.9,0.095386
4172,4172,417.15,0.092484
4174,4174,417.4,0.090525
4177,4177,417.65,0.091397
4179,4179,417.9,0.091254
4182,4182,418.15,0.091054
4184,4184,418.4,0.09041
4187,4187,418.65,0.091726
4189,4189,418.9,0.091554
4192,4192,419.15,0.089638
4194,4194,419.4,0.090425
4197,4197,419.65,0.090553
4199,4199,419.9,0.089667
4202,4202,420.15,0.089638
4204,4204,420.4,0.091025
4207,4207,420.65,0.090968
4209,4209,420.9,0.090167
4212,4212,421.15,0.091568
4214,4214,421.4,0.091568
4217,4217,421.65,0.090253
4219,4219,421.9,0.091025
4222,4222,422.15,0.092398
4224,4224,422.4,0.091526
4227,4227,422.65,0.089195
4229,4229,422.9,0.090954
4232,4232,423.15,0.093056
4234,4234,423.4,0.094342
4237,4237,423.65,0.092555
4239,4239,423.9,0.092598
4242,4242,424.15,0.093327
4244,4244,424.4,0.094643
4247,4247,424.65,0.093341
4249,4249,424.9,0.093699
4252,4252,425.15,0.094671
4254,4254,425.4,0.097031
4257,4257,425.65,0.095529
4259,4259,425.9,0.094871
4262,4262,426.15,0.094428
4264,4264,426.4,0.0944
4267,4267,426.65,0.094943
4269,4269,426.9,0.094028
4272,4272,427.15,0.092398
4274,4274,427.4,0.094099
4277,4277,427.65,0.094728
4279,4279,427.9,0.095115
4282,4282,428.15,0.094585
4284,4284,428.4,0.095229
4287,4287,428.65,0.093899
4289,4289,428.9,0.093999
4292,4292,429.15,0.094028
4294,4294,429.4,0.098289
4297,4297,429.65,0.09633
4299,4299,429.9,0.09683
4302,4302,430.15,0.097016
4304,4304,430.4,0.096044
4307,4307,430.65,0.097131
4309,4309,430.9,0.097159
4312,4312,431.15,0.096487
4314,4314,431.4,0.097245
4317,4317,431.65,0.097145
4319,4319,431.9,0.098489
4322,4322,432.15,0.099204
4324,4324,432.4,0.096845
4327,4327,432.65,0.097073
4329,4329,432.9,0.098103
4332,4332,433.16,0.096988
4334,4334,433.41,0.097703
4337,4337,433.66,0.097059
4339,4339,433.91,0.09766
4342,4342,434.16,0.098317
4344,4344,434.41,0.099533
4347,4347,434.66,0.10006
4349,4349,434.91,0.10026
4352,4352,435.16,0.098761
4354,4354,435.41,0.10006
4357,4357,435.66,0.10042
4359,4359,435.91,0.099876
4362,4362,436.16,0.10083
4364,4364,436.41,0.10231
4367,4367,436.66,0.10098
4369,4369,436.91,0.10122
4372,4372,437.16,0.1003
4374,4374,437.41,0.10139
4377,4377,437.66,0.10171
4379,4379,437.91,0.10139
4382,4382,438.16,0.10089
4384,4384,438.41,0.10138
4387,4387,438.66,0.10112
4389,4389,438.91,0.10232
4392,4392,439.16,0.10226
4394,4394,439.41,0.10284
4397,4397,439.66,0.10272
4399,4399,439.91,0.10103
4402,4402,440.16,0.10182
4404,4404,440.41,0.10212
4407,4407,440.66,0.10338
4409,4409,440.91,0.10206
4412,4412,441.16,0.10248
4414,4414,441.41,0.10244
4417,4417,441.66,0.10185
4419,4419,441.91,0.10161
4422,4422,442.16,0.10272
4424,4424,442.41,0.10095
4427,4427,442.66,0.10161
4429,4429,442.91,0.10246
4432,4432,443.16,0.10206
4434,4434,443.41,0.10128
4437,4437,443.66,0.10131
4439,4439,443.91,0.10122
4442,4442,444.16,0.10428
4444,4444,444.41,0.10377
4447,4447,444.66,0.10558
4449,4449,444.91,0.1074
4452,4452,445.16,0.10724
4454,4454,445.41,0.1057
4457,4457,445.66,0.10635
4459,4459,445.91,0.10768
4462,4462,446.16,0.10664
4464,4464,446.41,0.10721
4467,4467,446.66,0.10647
4469,4469,446.91,0.10691
4472,4472,447.16,0.10695
4474,4474,447.41,0.10657
4477,4477,447.66,0.10562
4479,4479,447.91,0.10482
4482,4482,448.16,0.10346
4484,4484,448.41,0.10457
4487,4487,448.66,0.10462
4489,4489,448.91,0.10407
4492,4492,449.16,0.10461
4494,4494,449.41,0.10365
4497,4497,449.66,0.1053
4499,4499,449.91,0.10418
4502,4502,450.16,0.10401
4504,4504,450.41,0.10457
4507,4507,450.66,0.10361
4509,4509,450.91,0.10511
4512,4512,451.16,0.10509
4514,4514,451.41,0.10509
4517,4517,451.66,0.10571
4519,4519,451.91,0.10474
4522,4522,452.16,0.10458
4524,4524,452.41,0.10469
4527,4527,452.66,0.10447
4529,4529,452.91,0.10584
4532,4532,453.16,0.10458
4534,4534,453.41,0.10515
4537,4537,453.66,0.1056
4539,4539,453.91,0.10554
4542,4542,454.16,0.10651
4544,4544,454.41,0.10534
4547,4547,454.66,0.10374
4549,4549,454.91,0.10301
4552,4552,455.16,0.10324
4554,4554,455.41,0.10335
4557,4557,455.66,0.10278
4559,4559,455.91,0.10551
4562,4562,456.16,0.10284
4564,4564,456.41,0.10002
4567,4567,456.66,0.10131
4569,4569,456.91,0.10132
4572,4572,457.16,0.099533
4574,4574,457.41,0.10175
4577,4577,457.66,0.10241
4579,4579,457.91,0.10384
4582,4582,458.16,0.10356
4584,4584,458.41,0.10322
4587,4587,458.66,0.10226
4589,4589,458.91,0.10113
4592,4592,459.16,0.10299
4594,4594,459.41,0.10457
4597,4597,459.66,0.10427
4599,4599,459.91,0.10532
4602,4602,460.16,0.10457
4604,4604,460.41,0.10342
4607,4607,460.66,0.10295
4609,4609,460.91,0.10163
4612,4612,461.16,0.10051
4614,4614,461.41,0.10252
4617,4617,461.66,0.10129
4619,4619,461.91,0.10165
4622,4622,462.16,0.10122
4624,4624,462.41,0.10241
4627,4627,462.66,0.10246
4629,4629,462.91,0.10276
4632,4632,463.16,0.10311
4634,4634,463.41,0.10346
4637,4637,463.66,0.10478
4639,4639,463.91,0.10365
4642,4642,464.16,0.10329
4644,4644,464.41,0.10262
4647,4647,464.66,0.10368
4649,4649,464.91,0.10407
4652,4652,465.16,0.10278
4654,4654,465.41,0.10398
4657,4657,465.66,0.10389
4659,4659,465.91,0.10324
4662,4662,466.16,0.10326
4664,4664,466.41,0.10301
4667,4667,466.66,0.10372
4669,4669,466.91,0.10458
4672,4672,467.16,0.10478
4674,4674,467.41,0.10451
4677,4677,467.66,0.10587
4679,4679,467.91,0.10381
4682,4682,468.16,0.10415
4684,4684,468.41,0.10368
4687,4687,468.66,0.10577
4689,4689,468.91,0.10515
4692,4692,469.16,0.10561
4694,4694,469.41,0.10468
4697,4697,469.66,0.10534
4699,4699,469.91,0.10578
4702,4702,470.16,0.10464
4704,4704,470.41,0.10382
4707,4707,470.66,0.10318
4709,4709,470.91,0.10332
4712,4712,471.16,0.10192
4714,4714,471.41,0.095014
4717,4717,471.66,0.085077
4719,4719,471.91,0.09287
4722,4722,472.16,0.088351
4724,4724,472.41,0.088366
4727,4727,472.66,0.085692
4729,4729,472.91,0.087608
4732,4732,473.16,0.091897
4734,4734,473.41,0.089681
4737,4737,473.66,0.098375
4739,4739,473.91,0.10398
4742,4742,474.16,0.10685
4744,4744,474.42,0.10753
4747,4747,474.67,0.10823
4749,4749,474.92,0.10725
4752,4752,475.17,0.1065
4754,4754,475.42,0.10381
4757,4757,475.67,0.10214
4759,4759,475.92,0.10272
4762,4762,476.17,0.10282
4764,4764,476.42,0.099919
4767,4767,476.67,0.095601
4769,4769,476.92,0.093427
4772,4772,477.17,0.093413
4774,4774,477.42,0.091125
4777,4777,477.67,0.091726
4779,4779,477.92,0.094957
4782,4782,478.17,0.098775
4784,4784,478.42,0.099619
4787,4787,478.67,0.1003
4789,4789,478.92,0.10248
4792,4792,479.17,0.10395
4794,4794,479.42,0.10385
4797,4797,479.67,0.10422
4799,4799,479.92,0.091468
4802,4802,480.17,0.094442
4804,4804,480.42,0.10083
4807,4807,480.67,0.10364
4809,4809,480.92,0.10195
4812,4812,481.17,0.10309
4814,4814,481.42,0.096859
4817,4817,481.67,0.092712
4819,4819,481.92,0.094871
4822,4822,482.17,0.094914
4824,4824,482.42,0.091511
4827,4827,482.67,0.091068
4829,4829,482.92,0.091011
4832,4832,483.17,0.09174
4834,4834,483.42,0.092641
4837,4837,483.67,0.091783
4839,4839,483.92,0.094028
4842,4842,484.17,0.094214
4844,4844,484.42,0.093842
4847,4847,484.67,0.095658
4849,4849,484.92,0.096501
4852,4852,485.17,0.096587
4854,4854,485.42,0.0949
4857,4857,485.67,0.095272
4859,4859,485.92,0.0947
4862,4862,486.17,0.094314
4864,4864,486.42,0.094428
4867,4867,486.67,0.093799
4869,4869,486.92,0.095315
4872,4872,487.17,0.096544
4874,4874,487.42,0.095672
4877,4877,487.67,0.096158
4879,4879,487.92,0.095958
4882,4882,488.17,0.095115
4884,4884,488.42,0.095715
4887,4887,488.67,0.096173
4889,4889,488.92,0.095801
4892,4892,489.17,0.095443
4894,4894,489.42,0.094728
4897,4897,489.67,0.096058
4899,4899,489.92,0.093742
4902,4902,490.17,0.094528
4904,4904,490.42,0.093842
4907,4907,490.67,0.091397
4909,4909,490.92,0.091211
4912,4912,491.17,0.089081
4914,4914,491.42,0.089066
4917,4917,491.67,0.087579
4919,4919,491.92,0.087322
4922,4922,492.17,0.087622
4924,4924,492.42,0.087493
4927,4927,492.67,0.087522
4929,4929,492.92,0.086664
4932,4932,493.17,0.086478
4934,4934,493.42,0.085978
4937,4937,493.67,0.086564
4939,4939,493.92,0.084862
4942,4942,494.17,0.085535
4944,4944,494.42,0.085735
4947,4947,494.67,0.085577
4949,4949,494.92,0.089152
4952,4952,495.17,0.093756
4954,4954,495.42,0.093041
4957,4957,495.67,0.093213
4959,4959,495.92,0.094242
4962,4962,496.17,0.093384
4964,4964,496.42,0.093728
4967,4967,496.67,0.093828
4969,4969,496.92,0.091826
4972,4972,497.17,0.096401
4974,4974,497.42,0.096559
4977,4977,497.67,0.096401
4979,4979,497.92,0.094657
4982,4982,498.17,0.094614
4984,4984,498.42,0.095586
4987,4987,498.67,0.096602
4989,4989,498.92,0.097173
4992,4992,499.17,0.094829
4994,4994,499.42,0.096101
4997,4997,499.67,0.096258
4999,4999,499.92,0.096773
5002,5002,500.17,0.097417
5004,5004,500.42,0.096301
5007,5007,500.67,0.097259
5009,5009,500.92,0.097245
5012,5012,501.17,0.097474
5014,5014,501.42,0.096144
5017,5017,501.67,0.097159
5019,5019,501.92,0.097345
5022,5022,502.17,0.096044
5024,5024,502.42,0.097173
5027,5027,502.67,0.097545
5029,5029,502.92,0.096945
5032,5032,503.17,0.09673
5034,5034,503.42,0.097331
5037,5037,503.67,0.096058
5039,5039,503.92,0.096544
5042,5042,504.17,0.09653
5044,5044,504.42,0.097788
5047,5047,504.67,0.09613
5049,5049,504.92,0.097231
5052,5052,505.17,0.09613
5054,5054,505.42,0.097088
5057,5057,505.67,0.09633
5059,5059,505.92,0.096787
5062,5062,506.17,0.098074
5064,5064,506.42,0.098832
5067,5067,506.67,0.097774
5069,5069,506.92,0.097688
5072,5072,507.17,0.096802
5074,5074,507.42,0.094743
5077,5077,507.67,0.095758
5079,5079,507.92,0.095086
5082,5082,508.17,0.094686
5084,5084,508.42,0.095143
5087,5087,508.67,0.095601
5089,5089,508.92,0.097846
5092,5092,509.17,0.097145
5094,5094,509.42,0.093456
5097,5097,509.67,0.097059
5099,5099,509.92,0.10201
5102,5102,510.17,0.10146
5104,5104,510.42,0.10509
5107,5107,510.67,0.10611
5109,5109,510.92,0.10568
5112,5112,511.17,0.10568
5114,5114,511.42,0.10532
5117,5117,511.67,0.10447
5119,5119,511.92,0.10418
5122,5122,512.17,0.10354
5124,5124,512.42,0.10459
5127,5127,512.67,0.10484
5129,5129,512.92,0.10458
5132,5132,513.17,0.10384
5134,5134,513.42,0.10412
5137,5137,513.67,0.10244
5139,5139,513.92,0.10068
5142,5142,514.17,0.10028
5144,5144,514.42,0.10062
5147,5147,514.67,0.099447
5149,5149,514.92,0.10218
5152,5152,515.17,0.10305
5154,5154,515.42,0.10262
5157,5157,515.67,0.10261
5159,5159,515.93,0.10275
5162,5162,516.18,0.10156
5164,5164,516.43,0.10281
5167,5167,516.68,0.10304
5169,5169,516.93,0.10238
5172,5172,517.18,0.10196
5174,5174,517.43,0.10461
5177,5177,517.68,0.10459
5179,5179,517.93,0.10444
5182,5182,518.18,0.1057
5184,5184,518.43,0.10657
5187,5187,518.68,0.1059
5189,5189,518.93,0.10502
5192,5192,519.18,0.10648
5194,5194,519.43,0.10562
5197,5197,519.68,0.10468
5199,5199,519.93,0.10532
5202,5202,520.18,0.10378
5204,5204,520.43,0.10148
5207,5207,520.68,0.098017
5209,5209,520.93,0.098046
5212,5212,521.18,0.099218
5214,5214,521.43,0.10241
5217,5217,521.68,0.10422
5219,5219,521.93,0.10585
5222,5222,522.18,0.1061
5224,5224,522.43,0.10505
5227,5227,522.68,0.10382
5229,5229,522.93,0.10542
5232,5232,523.18,0.10338
5234,5234,523.43,0.10371
5237,5237,523.68,0.10378
5239,5239,523.93,0.10331
5242,5242,524.18,0.10449
5244,5244,524.43,0.10459
5247,5247,524.68,0.10435
5249,5249,524.93,0.10372
5252,5252,525.18,0.10325
5254,5254,525.43,0.10238
5257,5257,525.68,0.10405
5259,5259,525.93,0.10488
5262,5262,526.18,0.10421
5264,5264,526.43,0.10365
5267,5267,526.68,0.10344
5269,5269,526.93,0.10311
5272,5272,527.18,0.10362
5274,5274,527.43,0.10378
5277,5277,527.68,0.10407
5279,5279,527.93,0.10381
5282,5282,528.18,0.10326
5284,5284,528.43,0.10305
5287,5287,528.68,0.10244
5289,5289,528.93,0.10239
5292,5292,529.18,0.10049
5294,5294,529.43,0.10043
5297,5297,529.68,0.10032
5299,5299,529.93,0.1003
5302,5302,530.18,0.10091
5304,5304,530.43,0.10113
5307,5307,530.68,0.10328
5309,5309,530.93,0.10365
5312,5312,531.18,0.10445
5314,5314,531.43,0.10389
5317,5317,531.68,0.10126
5319,5319,531.93,0.10153
5322,5322,532.18,0.099804
5324,5324,532.43,0.10019
5327,5327,532.68,0.10315
5329,5329,532.93,0.1067
5332,5332,533.18,0.1057
5334,5334,533.43,0.10658
5337,5337,533.68,0.10655
5339,5339,533.93,0.10479
5342,5342,534.18,0.10532
5344,5344,534.43,0.10407
5347,5347,534.68,0.10451
5349,5349,534.93,0.10457
5352,5352,535.18,0.10159
5354,5354,535.43,0.10086
5357,5357,535.68,0.10229
5359,5359,535.93,0.097989
5362,5362,536.18,0.089652
5364,5364,536.43,0.089624
5367,5367,536.68,0.089181
5369,5369,536.93,0.099304
5372,5372,537.18,0.10071
5374,5374,537.43,0.098804
5377,5377,537.68,0.096258
5379,5379,537.93,0.096659
5382,5382,538.18,0.09816
5384,5384,538.43,0.096816
5387,5387,538.68,0.096644
5389,5389,538.93,0.097831
5392,5392,539.18,0.098031
5394,5394,539.43,0.096616
5397,5397,539.68,0.095515
5399,5399,539.93,0.095944
5402,5402,540.18,0.096044
5404,5404,540.43,0.094214
5407,5407,540.68,0.095829
5409,5409,540.93,0.095543
5412,5412,541.18,0.09663
5414,5414,541.43,0.097731
5417,5417,541.68,0.097316
5419,5419,541.93,0.096516
5422,5422,542.18,0.098117
5424,5424,542.43,0.097116
5427,5427,542.68,0.096616
5429,5429,542.93,0.098503
5432,5432,543.18,0.097917
5434,5434,543.43,0.099089
5437,5437,543.68,0.098646
5439,5439,543.93,0.097846
5442,5442,544.18,0.098546
5444,5444,544.43,0.098332
5447,5447,544.68,0.10015
5449,5449,544.93,0.10079
5452,5452,545.18,0.10028
5454,5454,545.43,0.10186
5457,5457,545.68,0.10119
5459,5459,545.93,0.10161
5462,5462,546.18,0.10193
5464,5464,546.43,0.10209
5467,5467,546.68,0.10255
5469,5469,546.93,0.10141
5472,5472,547.18,0.10214
5474,5474,547.43,0.099862
5477,5477,547.68,0.10162
5479,5479,547.93,0.10251
5482,5482,548.18,0.10336
5484,5484,548.43,0.10532
5487,5487,548.68,0.10424
5489,5489,548.93,0.10472
5492,5492,549.18,0.10504
5494,5494,549.43,0.10511
5497,5497,549.68,0.10545
5499,5499,549.93,0.10571
5502,5502,550.18,0.10537
5504,5504,550.43,0.10557
5507,5507,550.68,0.10372
5509,5509,550.93,0.10315
5512,5512,551.18,0.10354
5514,5514,551.43,0.10424
5517,5517,551.68,0.10338
5519,5519,551.93,0.10411
5522,5522,552.18,0.10591
5524,5524,552.43,0.10567
5527,5527,552.68,0.10421
5529,5529,552.93,0.10519
5532,5532,553.18,0.10518
5534,5534,553.43,0.10389
5537,5537,553.68,0.10532
5539,5539,553.93,0.10527
5542,5542,554.18,0.10475
5544,5544,554.43,0.10405
5547,5547,554.68,0.10545
5549,5549,554.93,0.10551
5552,5552,555.18,0.10534
5554,5554,555.43,0.10598
5557,5557,555.68,0.10535
5559,5559,555.93,0.10688
5562,5562,556.18,0.10585
5564,5564,556.43,0.10572
5567,5567,556.68,0.10647
5569,5569,556.93,0.10618
5572,5572,557.18,0.10512
5574,5574,557.44,0.10352
5577,5577,557.69,0.10445
5579,5579,557.94,0.10428
5582,5582,558.19,0.10362
5584,5584,558.44,0.10489
5587,5587,558.69,0.10451
5589,5589,558.94,0.10449
5592,5592,559.19,0.10508
5594,5594,559.44,0.10551
5597,5597,559.69,0.10462
5599,5599,559.94,0.10534
5602,5602,560.19,0.10635
5604,5604,560.44,0.10542
5607,5607,560.69,0.10365
5609,5609,560.94,0.10372
5612,5612,561.19,0.10338
5614,5614,561.44,0.10561
5617,5617,561.69,0.10428
5619,5619,561.94,0.10385
5622,5622,562.19,0.097245
5624,5624,562.44,0.093699
5627,5627,562.69,0.094714
5629,5629,562.94,0.10063
5632,5632,563.19,0.10384
5634,5634,563.44,0.10272
5637,5637,563.69,0.10572
5639,5639,563.94,0.10535
5642,5642,564.19,0.10467
5644,5644,564.44,0.10468
5647,5647,564.69,0.10479
5649,5649,564.94,0.10451
5652,5652,565.19,0.096973
5654,5654,565.44,0.091197
5657,5657,565.69,0.091325
5659,5659,565.94,0.091711
5662,5662,566.19,0.091983
5664,5664,566.44,0.095129
5667,5667,566.69,0.093341
5669,5669,566.94,0.094085
5672,5672,567.19,0.093899
5674,5674,567.44,0.095
5677,5677,567.69,0.094614
5679,5679,567.94,0.095286
5682,5682,568.19,0.094914
5684,5684,568.44,0.095801
5687,5687,568.69,0.094171
5689,5689,568.94,0.093613
5692,5692,569.19,0.094271
5694,5694,569.44,0.094886
5697,5697,569.69,0.094714
5699,5699,569.94,0.093499
5702,5702,570.19,0.094328
5704,5704,570.44,0.094643
5707,5707,570.69,0.093513
5709,5709,570.94,0.094242
5712,5712,571.19,0.0946
5714,5714,571.44,0.094042
5717,5717,571.69,0.094442
5719,5719,571.94,0.094014
5722,5722,572.19,0.095229
5724,5724,572.44,0.095043
5727,5727,572.69,0.094428
5729,5729,572.94,0.094014
5732,5732,573.19,0.094786
5734,5734,573.44,0.094628
5737,5737,573.69,0.0947
5739,5739,573.94,0.092312
5742,5742,574.19,0.093127
5744,5744,574.44,0.093728
5747,5747,574.69,0.094585
5749,5749,574.94,0.092841
5752,5752,575.19,0.092555
5754,5754,575.44,0.094328
5757,5757,575.69,0.094042
5759,5759,575.94,0.093013
5762,5762,576.19,0.092913
5764,5764,576.44,0.092441
5767,5767,576.69,0.092312
5769,5769,576.94,0.094328
5772,5772,577.19,0.094686
5774,5774,577.44,0.093585
5777,5777,577.69,0.092255
5779,5779,577.94,0.091683
5782,5782,578.19,0.093098
5784,5784,578.44,0.091669
5787,5787,578.69,0.093113
5789,5789,578.94,0.0947
5792,5792,579.19,0.094771
5794,5794,579.44,0.094414
5797,5797,579.69,0.093299
5799,5799,579.94,0.093699
5802,5802,580.19,0.092727
5804,5804,580.44,0.093356
5807,5807,580.69,0.092655
5809,5809,580.94,0.095386
5812,5812,581.19,0.095586
5814,5814,581.44,0.09613
5817,5817,581.69,0.097002
5819,5819,581.94,0.098532
5822,5822,582.19,0.099661
5824,5824,582.44,0.10035
5827,5827,582.69,0.099633
5829,5829,582.94,0.099947
5832,5832,583.19,0.099347
5834,5834,583.44,0.10023
5837,5837,583.69,0.099676
5839,5839,583.94,0.099633
5842,5842,584.19,0.10036
5844,5844,584.44,0.099247
5847,5847,584.69,0.098646
5849,5849,584.94,0.09959
5852,5852,585.19,0.098975
5854,5854,585.44,0.10048
5857,5857,585.69,0.09766
5859,5859,585.94,0.09846
5862,5862,586.19,0.098332
5864,5864,586.44,0.097517
5867,5867,586.69,0.097045
5869,5869,586.94,0.097888
5872,5872,587.19,0.097445
5874,5874,587.44,0.097831
5877,5877,587.69,0.098489
5879,5879,587.94,0.097088
5882,5882,588.19,0.096716
5884,5884,588.44,0.097088
5887,5887,588.69,0.097116
5889,5889,588.94,0.09633
5892,5892,589.19,0.097173
5894,5894,589.44,0.096716
5897,5897,589.69,0.098861
5899,5899,589.94,0.097302
5902,5902,590.19,0.098389
5904,5904,590.44,0.098274
5907,5907,590.69,0.097788
5909,5909,590.94,0.098503
5912,5912,591.19,0.099161
5914,5914,591.44,0.098889
5917,5917,591.69,0.099947
5919,5919,591.94,0.099604
5922,5922,592.19,0.10082
5924,5924,592.44,0.099604
5927,5927,592.69,0.09929
5929,5929,592.94,0.099862
5932,5932,593.19,0.099576
5934,5934,593.44,0.10062
5937,5937,593.69,0.099704
5939,5939,593.94,0.10035
5942,5942,594.19,0.099733
5944,5944,594.44,0.1002
5947,5947,594.69,0.10099
5949,5949,594.94,0.10138
5952,5952,595.19,0.10076
5954,5954,595.44,0.10083
5957,5957,595.69,0.099833
5959,5959,595.94,0.10068
5962,5962,596.19,0.10042
5964,5964,596.44,0.10065
5967,5967,596.69,0.10035
5969,5969,596.94,0.099647
5972,5972,597.19,0.096144
5974,5974,597.44,0.09613
5977,5977,597.69,0.10342
5979,5979,597.94,0.10389
5982,5982,598.19,0.10568
5984,5984,598.44,0.10671
5987,5987,598.69,0.10711
5989,5989,598.95,0.10798
5992,5992,599.2,0.10828
5994,5994,599.45,0.1082
5997,5997,599.7,0.10903
5999,5999,599.95,0.10825
6002,6002,600.2,0.10545
6004,6004,600.45,0.10198
6007,6007,600.7,0.10028
6009,6009,600.95,0.10229
6012,6012,601.2,0.11054
6014,6014,601.45,0.11024
6017,6017,601.7,0.11244
6019,6019,601.95,0.11329
6022,6022,602.2,0.11279
6024,6024,602.45,0.11274
6027,6027,602.7,0.11256
6029,6029,602.95,0.11325
6032,6032,603.2,0.11296
6034,6034,603.45,0.11216
6037,6037,603.7,0.11114
6039,6039,603.95,0.11263
6042,6042,604.2,0.1139
6044,6044,604.45,0.11314
6047,6047,604.7,0.11453
6049,6049,604.95,0.11272
6052,6052,605.2,0.11269
6054,6054,605.45,0.11397
6057,6057,605.7,0.11579
6059,6059,605.95,0.11583
6062,6062,606.2,0.11623
6064,6064,606.45,0.11369
6067,6067,606.7,0.11302
6069,6069,606.95,0.11525
6072,6072,607.2,0.11559
6074,6074,607.45,0.11532
6077,6077,607.7,0.11505
6079,6079,607.95,0.11682
6082,6082,608.2,0.11562
6084,6084,608.45,0.11495
6087,6087,608.7,0.11593
6089,6089,608.95,0.11505
6092,6092,609.2,0.11473
6094,6094,609.45,0.11463
6097,6097,609.7,0.11437
6099,6099,609.95,0.11593
6102,6102,610.2,0.11505
6104,6104,610.45,0.11505
6107,6107,610.7,0.11556
6109,6109,610.95,0.1159
6112,6112,611.2,0.11565
6114,6114,611.45,0.11586
6117,6117,611.7,0.11545
6119,6119,611.95,0.11612
6122,6122,612.2,0.11595
6124,6124,612.45,0.11619
6127,6127,612.7,0.11592
6129,6129,612.95,0.11639
6132,6132,613.2,0.11702
6134,6134,613.45,0.11768
6137,6137,613.7,0.11753
6139,6139,613.95,0.11752
6142,6142,614.2,0.11892
6144,6144,614.45,0.11692
6147,6147,614.7,0.11729
6149,6149,614.95,0.11679
6152,6152,615.2,0.11753
6154,6154,615.45,0.11825
6157,6157,615.7,0.11851
6159,6159,615.95,0.11819
6162,6162,616.2,0.11874
6164,6164,616.45,0.11922
6167,6167,616.7,0.11765
6169,6169,616.95,0.11816
6172,6172,617.2,0.11816
6174,6174,617.45,0.11814
6177,6177,617.7,0.11856
6179,6179,617.95,0.11585
6182,6182,618.2,0.11433
6184,6184,618.45,0.11603
6187,6187,618.7,0.1138
6189,6189,618.95,0.11357
6192,6192,619.2,0.11589
6194,6194,619.45,0.11656
6197,6197,619.7,0.11688
6200,6200,619.95,0.11736
6202,6202,620.2,0.11602
6205,6205,620.45,0.11645
6207,6207,620.7,0.11599
6210,6210,620.95,0.11713
6212,6212,621.2,0.11828
6215,6215,621.45,0.11854
6217,6217,621.7,0.11812
6220,6220,621.95,0.11746
6222,6222,622.2,0.11749
6225,6225,622.45,0.11645
6227,6227,622.7,0.11623
6230,6230,622.95,0.11821
6232,6232,623.2,0.11828
6235,6235,623.45,0.11876
6237,6237,623.7,0.11836
6240,6240,623.95,0.11939
6242,6242,624.2,0.11888
6245,6245,624.45,0.11882
6247,6247,624.7,0.11839
6250,6250,624.95,0.11822
6252,6252,625.2,0.11715
6255,6255,625.45,0.11961
6257,6257,625.7,0.11686
6260,6260,625.95,0.11752
6262,6262,626.2,0.11812
6265,6265,626.45,0.12035
6267,6267,626.7,0.12052
6270,6270,626.95,0.12075
6272,6272,627.2,0.11722
6275,6275,627.45,0.11931
6277,6277,627.7,0.11889
6280,6280,627.95,0.11978
6282,6282,628.2,0.11977
6285,6285,628.45,0.12018
6287,6287,628.7,0.12058
6290,6290,628.95,0.11928
6292,6292,629.2,0.12065
6295,6295,629.45,0.11975
6297,6297,629.7,0.12051
6300,6300,629.95,0.12078
6302,6302,630.2,0.12154
6305,6305,630.45,0.12127
6307,6307,630.7,0.12118
6310,6310,630.95,0.12204
6312,6312,631.2,0.12268
6315,6315,631.45,0.12172
6317,6317,631.7,0.12109
6320,6320,631.95,0.12207
6322,6322,632.2,0.12275
6325,6325,632.45,0.12323
6327,6327,632.7,0.12221
6330,6330,632.95,0.12117
6332,6332,633.2,0.1215
6335,6335,633.45,0.12267
6337,6337,633.7,0.12151
6340,6340,633.95,0.12257
6342,6342,634.2,0.12128
6345,6345,634.45,0.12144
6347,6347,634.7,0.12338
6350,6350,634.95,0.12212
6352,6352,635.2,0.1249
6355,6355,635.45,0.12408
6357,6357,635.7,0.12363
6360,6360,635.95,0.12267
6362,6362,636.2,0.12248
6365,6365,636.45,0.12323
6367,6367,636.7,0.12328
6370,6370,636.95,0.12441
6372,6372,637.2,0.12321
6375,6375,637.45,0.12115
6377,6377,637.7,0.12104
6380,6380,637.95,0.1215
6382,6382,638.2,0.12145
6385,6385,638.45,0.12124
6387,6387,638.7,0.12115
6390,6390,638.95,0.12082
6392,6392,639.2,0.12114
6395,6395,639.45,0.12065
6397,6397,639.7,0.12228
6400,6400,639.95,0.12157
6402,6402,640.2,0.12274
6405,6405,640.46,0.12208
6407,6407,640.71,0.11987
6410,6410,640.96,0.11844
6412,6412,641.21,0.11829
6415,6415,641.46,0.11805
6417,6417,641.71,0.11646
6420,6420,641.96,0.1161
6422,6422,642.21,0.11633
6425,6425,642.46,0.11609
6427,6427,642.71,0.11731
6430,6430,642.96,0.1164
6432,6432,643.21,0.11699
6435,6435,643.46,0.11796
6437,6437,643.71,0.11942
6440,6440,643.96,0.12085
6442,6442,644.21,0.11939
6445,6445,644.46,0.11941
6447,6447,644.71,0.11778
6450,6450,644.96,0.11871
6452,6452,645.21,0.11805
6455,6455,645.46,0.12097
6457,6457,645.71,0.11731
6460,6460,645.96,0.11799
6462,6462,646.21,0.11791
6465,6465,646.46,0.11908
6467,6467,646.71,0.12019
6470,6470,646.96,0.11997
6472,6472,647.21,0.11815
6475,6475,647.46,0.11818
6477,6477,647.71,0.11888
6480,6480,647.96,0.11822
6482,6482,648.21,0.11723
6485,6485,648.46,0.11608
6487,6487,648.71,0.11583
6490,6490,648.96,0.11639
6492,6492,649.21,0.11815
6495,6495,649.46,0.11618
6497,6497,649.71,0.11576
6500,6500,649.96,0.11553
6502,6502,650.21,0.11689
6505,6505,650.46,0.11941
6507,6507,650.71,0.11731
6510,6510,650.96,0.11633
6512,6512,651.21,0.11712
6515,6515,651.46,0.11815
6517,6517,651.71,0.11753
6520,6520,651.96,0.11809
6522,6522,652.21,0.11885
6525,6525,652.46,0.11735
6527,6527,652.71,0.11751
6530,6530,652.96,0.11798
6532,6532,653.21,0.11746
6535,6535,653.46,0.11782
6537,6537,653.71,0.11785
6540,6540,653.96,0.11875
6542,6542,654.21,0.11936
6545,6545,654.46,0.11802
6547,6547,654.71,0.11901
6550,6550,654.96,0.12124
6552,6552,655.21,0.12327
6555,6555,655.46,0.12262
6557,6557,655.71,0.12428
6560,6560,655.96,0.1219
6562,6562,656.21,0.10735
6565,6565,656.46,0.10264
6567,6567,656.71,0.10614
6570,6570,656.96,0.10299
6572,6572,657.21,0.099147
6575,6575,657.46,0.098189
6577,6577,657.71,0.10169
6580,6580,657.96,0.10198
6582,6582,658.21,0.10203
6585,6585,658.46,0.10487
6587,6587,658.71,0.11233
6590,6590,658.96,0.1085
6592,6592,659.21,0.10715
6595,6595,659.46,0.1123
6597,6597,659.71,0.11283
6600,6600,659.96,0.11029
6602,6602,660.21,0.1084
6605,6605,660.46,0.10821
6607,6607,660.71,0.10831
6610,6610,660.96,0.10911
6612,6612,661.21,0.11177
6615,6615,661.46,0.11256
6617,6617,661.71,0.11119
6620,6620,661.96,0.10864
6622,6622,662.21,0.1096
6625,6625,662.46,0.10847
6627,6627,662.71,0.10411
6630,6630,662.96,0.10304
6632,6632,663.21,0.10322
6635,6635,663.46,0.10627
6637,6637,663.71,0.10591
6640,6640,663.96,0.10368
6642,6642,664.21,0.10319
6645,6645,664.46,0.10155
6647,6647,664.71,0.10384
6650,6650,664.96,0.10405
6652,6652,665.21,0.10274
6655,6655,665.46,0.10125
6657,6657,665.71,0.10308
6660,6660,665.96,0.10226
6662,6662,666.21,0.10145
6665,6665,666.46,0.10102
6667,6667,666.71,0.10032
6670,6670,666.96,0.098789
6672,6672,667.21,0.09816
6675,6675,667.46,0.097545
6677,6677,667.71,0.098303
6680,6680,667.96,0.11223
6682,6682,668.21,0.11184
6685,6685,668.46,0.10547
6687,6687,668.71,0.10793
6690,6690,668.96,0.10856
6692,6692,669.21,0.099247
6695,6695,669.46,0.097259
6697,6697,669.71,0.094943
6700,6700,669.96,0.097817
6702,6702,670.21,0.094371
6705,6705,670.46,0.095644
6707,6707,670.71,0.096902
6710,6710,670.96,0.098475
6712,6712,671.21,0.095644
6715,6715,671.46,0.095172
6717,6717,671.71,0.094457
6720,6720,671.96,0.094271
6722,6722,672.21,0.096702
6725,6725,672.46,0.098174
6727,6727,672.71,0.095715
6730,6730,672.96,0.095729
6732,6732,673.21,0.095443
6735,6735,673.46,0.09603
6737,6737,673.71,0.097617
6740,6740,673.96,0.10086
6742,6742,674.21,0.095129
6745,6745,674.46,0.095729
6747,6747,674.71,0.095086
6750,6750,674.96,0.095014
6752,6752,675.21,0.095529
6755,6755,675.46,0.095014
6757,6757,675.71,0.094056
6760,6760,675.96,0.095644
6762,6762,676.21,0.096244
6765,6765,676.46,0.096888
6767,6767,676.71,0.09929
6770,6770,676.96,0.098274
6772,6772,677.21,0.098804
6775,6775,677.46,0.099476
6777,6777,677.71,0.098818
6780,6780,677.96,0.098103
6782,6782,678.21,0.10032
6785,6785,678.46,0.098417
6787,6787,678.71,0.097688
6790,6790,678.96,0.095872
6792,6792,679.21,0.097445
6795,6795,679.46,0.096787
6797,6797,679.71,0.096673
6800,6800,679.96,0.097502
6802,6802,680.21,0.099032
6805,6805,680.46,0.097488
6807,6807,680.71,0.097874
6810,6810,680.96,0.098703
6812,6812,681.21,0.099232
6815,6815,681.46,0.097631
6817,6817,681.71,0.096544
6820,6820,681.96,0.093885
6822,6822,682.22,0.095472
6825,6825,682.47,0.094714
6827,6827,682.72,0.094557
6830,6830,682.97,0.094671
6832,6832,683.22,0.094829
6835,6835,683.47,0.094528
6837,6837,683.72,0.094657
6840,6840,683.97,0.094628
6842,6842,684.22,0.094686
6845,6845,684.47,0.094671
6847,6847,684.72,0.095572
6850,6850,684.97,0.094929
6852,6852,685.22,0.094271
6855,6855,685.47,0.094514
6857,6857,685.72,0.093585
6860,6860,685.97,0.094199
6862,6862,686.22,0.094714
6865,6865,686.47,0.10924
6867,6867,686.72,0.10637
6870,6870,686.97,0.10797
6872,6872,687.22,0.10495
6875,6875,687.47,0.10572
6877,6877,687.72,0.10371
6880,6880,687.97,0.10348
6882,6882,688.22,0.10244
6885,6885,688.47,0.12015
6887,6887,688.72,0.13855
6890,6890,688.97,0.13491
6892,6892,689.22,0.12942
6895,6895,689.47,0.12587
6897,6897,689.72,0.12095
6900,6900,689.97,0.11616
6902,6902,690.22,0.11533
6905,6905,690.47,0.12423
6907,6907,690.72,0.13461
6910,6910,690.97,0.13488
6912,6912,691.22,0.13638
6915,6915,691.47,0.13501
6917,6917,691.72,0.13047
6920,6920,691.97,0.12833
6922,6922,692.22,0.12461
6925,6925,692.47,0.11995
6927,6927,692.72,0.11194
6930,6930,692.97,0.10598
6932,6932,693.22,0.10332
6935,6935,693.47,0.10349
6937,6937,693.72,0.10203
6940,6940,693.97,0.10118
6942,6942,694.22,0.099876
6945,6945,694.47,0.10058
6947,6947,694.72,0.099733
6950,6950,694.97,0.098761
6952,6952,695.22,0.09806
6955,6955,695.47,0.098303
6957,6957,695.72,0.097445
6960,6960,695.97,0.095872
6962,6962,696.22,0.09633
6965,6965,696.47,0.096416
6967,6967,696.72,0.096487
6970,6970,696.97,0.096244
6972,6972,697.22,0.10435
6975,6975,697.47,0.093227
6977,6977,697.72,0.09347
6980,6980,697.97,0.093442
6982,6982,698.22,0.092169
6985,6985,698.47,0.091068
6987,6987,698.72,0.089081
6990,6990,698.97,0.08838
6992,6992,699.22,0.087479
6995,6995,699.47,0.087579
6997,6997,699.72,0.087579
7000,7000,699.97,0.086535
7002,7002,700.22,0.087536
7005,7005,700.47,0.088394
7007,7007,700.72,0.088366
7010,7010,700.97,0.088409
7012,7012,701.22,0.088437
7015,7015,701.47,0.08838
7017,7017,701.72,0.088351
7020,7020,701.97,0.087636
7022,7022,702.22,0.088294
7025,7025,702.47,0.087636
7027,7027,702.72,0.087622
7030,7030,702.97,0.088308
7032,7032,703.22,0.087565
7035,7035,703.47,0.087608
7037,7037,703.72,0.087536
7040,7040,703.97,0.087565
7042,7042,704.22,0.087622
7045,7045,704.47,0.08828
7047,7047,704.72,0.087608
7050,7050,704.97,0.087579
7052,7052,705.22,0.08828
7055,7055,705.47,0.088337
7057,7057,705.72,0.088337
7060,7060,705.97,0.08828
7062,7062,706.22,0.087565
7065,7065,706.47,0.086335
7067,7067,706.72,0.086778
7070,7070,706.97,0.087622
7072,7072,707.22,0.086092
7075,7075,707.47,0.086278
7077,7077,707.72,0.086764
7080,7080,707.97,0.087207
7082,7082,708.22,0.087579
7085,7085,708.47,0.086235
7087,7087,708.72,0.087265
7090,7090,708.97,0.089109
7092,7092,709.22,0.089967
7095,7095,709.47,0.1119
7097,7097,709.72,0.10911
7100,7100,709.97,0.10561
7102,7102,710.22,0.1055
7105,7105,710.47,0.10101
7107,7107,710.72,0.09959
7110,7110,710.97,0.099104
7112,7112,711.22,0.098132
7115,7115,711.47,0.096416
7117,7117,711.72,0.095072
7120,7120,711.97,0.094771
7122,7122,712.22,0.094442
7125,7125,712.47,0.094886
7127,7127,712.72,0.096001
7130,7130,712.97,0.0951
7132,7132,713.22,0.094585
7135,7135,713.47,0.09297
7137,7137,713.72,0.09347
7140,7140,713.97,0.094371
7142,7142,714.22,0.094314
7145,7145,714.47,0.094829
7147,7147,714.72,0.095615
7150,7150,714.97,0.095844
7152,7152,715.22,0.094571
7155,7155,715.47,0.0949
7157,7157,715.72,0.094871
7160,7160,715.97,0.094829
7162,7162,716.22,0.093384
7165,7165,716.47,0.093527
7167,7167,716.72,0.093313
7170,7170,716.97,0.092755
7172,7172,717.22,0.093199
7175,7175,717.47,0.092984
7177,7177,717.72,0.091626
7180,7180,717.97,0.092298
7182,7182,718.22,0.094457
7185,7185,718.47,0.091697
7187,7187,718.72,0.092369
7190,7190,718.97,0.091797
7192,7192,719.22,0.093542
7195,7195,719.47,0.091955
7197,7197,719.72,0.09287
7200,7200,719.97,0.092455
7202,7202,720.22,0.091383
7205,7205,720.47,0.093256
7207,7207,720.72,0.091654
7210,7210,720.97,0.091054
7212,7212,721.22,0.091597
7215,7215,721.47,0.093127
7217,7217,721.72,0.092798
7220,7220,721.97,0.093913
7222,7222,722.22,0.093513
7225,7225,722.47,0.093742
7227,7227,722.72,0.091497
7230,7230,722.97,0.09174
7232,7232,723.22,0.09154
7235,7235,723.47,0.09144
7237,7237,723.73,0.090625
7240,7240,723.98,0.090653
7242,7242,724.23,0.091182
7245,7245,724.48,0.091354
7247,7247,724.73,0.089166
7250,7250,724.98,0.08971
7252,7252,725.23,0.091168
7255,7255,725.48,0.090525
7257,7257,725.73,0.091383
7260,7260,725.98,0.091283
7262,7262,726.23,0.092055
7265,7265,726.48,0.09174
7267,7267,726.73,0.092498
7270,7270,726.98,0.089795
7272,7272,727.23,0.089123
7275,7275,727.48,0.089081
7277,7277,727.73,0.089152
7280,7280,727.98,0.089081
7282,7282,728.23,0.090968
7285,7285,728.48,0.089367
7287,7287,728.73,0.089166
7290,7290,728.98,0.091568
7292,7292,729.23,0.092341
7295,7295,729.48,0.089166
7297,7297,729.73,0.091225
7300,7300,729.98,0.089138
7302,7302,730.23,0.089152
7305,7305,730.48,0.089138
7307,7307,730.73,0.08971
7310,7310,730.98,0.089495
7312,7312,731.23,0.090039
7315,7315,731.48,0.089195
7317,7317,731.73,0.089123
7320,7320,731.98,0.088409
7322,7322,732.23,0.088351
7325,7325,732.48,0.089109
7327,7327,732.73,0.089166
7330,7330,732.98,0.08828
7332,7332,733.23,0.088337
7335,7335,733.48,0.089095
7337,7337,733.73,0.089066
7340,7340,733.98,0.088394
7342,7342,734.23,0.088423
7345,7345,734.48,0.088409
7347,7347,734.73,0.088451
7350,7350,734.98,0.089138
7352,7352,735.23,0.089181
7355,7355,735.48,0.088366
7357,7357,735.73,0.089066
7360,7360,735.98,0.089123
7362,7362,736.23,0.088409
7365,7365,736.48,0.089081
7367,7367,736.73,0.088423
7370,7370,736.98,0.088423
7372,7372,737.23,0.08848
7375,7375,737.48,0.08838
7377,7377,737.73,0.088423
7380,7380,737.98,0.088451
7382,7382,738.23,0.087636
7385,7385,738.48,0.088366
7387,7387,738.73,0.088394
7390,7390,738.98,0.088337
7392,7392,739.23,0.088337
7395,7395,739.48,0.088337
7397,7397,739.73,0.088351
7400,7400,739.98,0.088366
7402,7402,740.23,0.088394
7405,7405,740.48,0.087636
7407,7407,740.73,0.088323
7410,7410,740.98,0.088366
7412,7412,741.23,0.088366
7415,7415,741.48,0.088351
7417,7417,741.73,0.088308
7420,7420,741.98,0.087622
7422,7422,742.23,0.087622
7425,7425,742.48,0.088323
7427,7427,742.73,0.087636
7430,7430,742.98,0.088409
7432,7432,743.23,0.088437
7435,7435,743.48,0.088323
7437,7437,743.73,0.087622
7440,7440,743.98,0.087579
7442,7442,744.23,0.088394
7445,7445,744.48,0.087622
7447,7447,744.73,0.087608
7450,7450,744.98,0.08828
7452,7452,745.23,0.087551
7455,7455,745.48,0.086778
7457,7457,745.73,0.087279
7460,7460,745.98,0.087565
7462,7462,746.23,0.087593
7465,7465,746.48,0.088451
7467,7467,746.73,0.088409
7470,7470,746.98,0.089138
7472,7472,747.23,0.08838
7475,7475,747.48,0.088337
7477,7477,747.73,0.087608
7480,7480,747.98,0.08665
7482,7482,748.23,0.087365
7485,7485,748.48,0.088394
7487,7487,748.73,0.087608
7490,7490,748.98,0.087393
7492,7492,749.23,0.087636
7495,7495,749.48,0.087622
7497,7497,749.73,0.087565
7500,7500,749.98,0.087622
7502,7502,750.23,0.087565
7505,7505,750.48,0.087579
7507,7507,750.73,0.087551
7510,7510,750.98,0.087551
7512,7512,751.23,0.087579
7515,7515,751.48,0.088294
7517,7517,751.73,0.087622
7520,7520,751.98,0.087579
7522,7522,752.23,0.088351
7525,7525,752.48,0.087608
7527,7527,752.73,0.088351
7530,7530,752.98,0.085792
7532,7532,753.23,0.087651
7535,7535,753.48,0.087265
7537,7537,753.73,0.086292
7540,7540,753.98,0.086278
7542,7542,754.23,0.086249
7545,7545,754.48,0.086821
7547,7547,754.73,0.087007
7550,7550,754.98,0.087365
7552,7552,755.23,0.086793
7555,7555,755.48,0.085778
7557,7557,755.73,0.086907
7560,7560,755.98,0.086778
7562,7562,756.23,0.085949
7565,7565,756.48,0.087222
7567,7567,756.73,0.087122
7570,7570,756.98,0.087265
7572,7572,757.23,0.087565
7575,7575,757.48,0.08725
7577,7577,757.73,0.087207
7580,7580,757.98,0.083089
7582,7582,758.23,0.084877
7585,7585,758.48,0.088394
7587,7587,758.73,0.091783
7590,7590,758.98,0.091483
7592,7592,759.23,0.089724
7595,7595,759.48,0.092255
7597,7597,759.73,0.089109
7600,7600,759.98,0.088437
7602,7602,760.23,0.089166
7605,7605,760.48,0.089138
7607,7607,760.73,0.089166
7610,7610,760.98,0.089967
7612,7612,761.23,0.088451
7615,7615,761.48,0.089152
7617,7617,761.73,0.089638
7620,7620,761.98,0.089652
7622,7622,762.23,0.090367
7625,7625,762.48,0.089166
7627,7627,762.73,0.089695
7630,7630,762.98,0.091168
7632,7632,763.23,0.092469
7635,7635,763.48,0.094428
7637,7637,763.73,0.097173
7640,7640,763.98,0.096015
7642,7642,764.23,0.095701
7645,7645,764.48,0.096459
7647,7647,764.73,0.095615
7650,7650,764.98,0.095758
7652,7652,765.24,0.094585
7655,7655,765.49,0.093056
7657,7657,765.74,0.092412
7660,7660,765.99,0.092355
7662,7662,766.24,0.091654
7665,7665,766.49,0.093813
7667,7667,766.74,0.095758
7670,7670,766.99,0.097417
7672,7672,767.24,0.099061
7675,7675,767.49,0.10377
7677,7677,767.74,0.11182
7680,7680,767.99,0.10744
7682,7682,768.24,0.096616
7685,7685,768.49,0.094943
7687,7687,768.74,0.094328
7690,7690,768.99,0.094342
7692,7692,769.24,0.09377
7695,7695,769.49,0.094385
7697,7697,769.74,0.094228
7700,7700,769.99,0.094385
7702,7702,770.24,0.097059
7705,7705,770.49,0.098689
7707,7707,770.74,0.097574
7710,7710,770.99,0.095987
7712,7712,771.24,0.096387
7715,7715,771.49,0.09653
7717,7717,771.74,0.096244
7720,7720,771.99,0.096001
7722,7722,772.24,0.09693
7725,7725,772.49,0.095286
7727,7727,772.74,0.095586
7730,7730,772.99,0.094972
7732,7732,773.24,0.094714
7735,7735,773.49,0.0949
7737,7737,773.74,0.0944
7740,7740,773.99,0.09623
7742,7742,774.24,0.094886
7745,7745,774.49,0.093842
7747,7747,774.74,0.094185
7750,7750,774.99,0.093499
7752,7752,775.24,0.093842
7755,7755,775.49,0.093842
7757,7757,775.74,0.093527
7760,7760,775.99,0.094485
7762,7762,776.24,0.094371
7765,7765,776.49,0.095157
7767,7767,776.74,0.096373
7770,7770,776.99,0.096702
7772,7772,777.24,0.099676
7775,7775,777.49,0.10133
7777,7777,777.74,0.1
7780,7780,777.99,0.09693
7782,7782,778.24,0.096416
7785,7785,778.49,0.095829
7787,7787,778.74,0.096716
7790,7790,778.99,0.0947
7792,7792,779.24,0.096873
7795,7795,779.49,0.097002
7797,7797,779.74,0.097431
7800,7800,779.99,0.096916
7802,7802,780.24,0.096559
7805,7805,780.49,0.096344
7807,7807,780.74,0.097302
7810,7810,780.99,0.095458
7812,7812,781.24,0.096244
7815,7815,781.49,0.095715
7817,7817,781.74,0.096973
7820,7820,781.99,0.095772
7822,7822,782.24,0.0952
7825,7825,782.49,0.096616
7827,7827,782.74,0.094986
7830,7830,782.99,0.095429
7832,7832,783.24,0.096988
7835,7835,783.49,0.095072
7837,7837,783.74,0.098046
7840,7840,783.99,0.098503
7842,7842,784.24,0.09816
7845,7845,784.49,0.097274
7847,7847,784.74,0.098203
7850,7850,784.99,0.098017
7852,7852,785.24,0.09999
7855,7855,785.49,0.098918
7857,7857,785.74,0.098375
7860,7860,785.99,0.098317
7862,7862,786.24,0.09766
7865,7865,786.49,0.096745
7867,7867,786.74,0.097045
7870,7870,786.99,0.096087
7872,7872,787.24,0.095972
7875,7875,787.49,0.097045
7877,7877,787.74,0.096544
7880,7880,787.99,0.097431
7882,7882,788.24,0.096687
7885,7885,788.49,0.097402
7887,7887,788.74,0.09593
7890,7890,788.99,0.096573
7892,7892,789.24,0.096945
7895,7895,789.49,0.098189
7897,7897,789.74,0.098003
7900,7900,789.99,0.097216
7902,7902,790.24,0.097817
7905,7905,790.49,0.097874
7907,7907,790.74,0.098031
7910,7910,790.99,0.098432
7912,7912,791.24,0.097131
7915,7915,791.49,0.097402
7917,7917,791.74,0.097703
7920,7920,791.99,0.096659
7922,7922,792.24,0.096501
7925,7925,792.49,0.096945
7927,7927,792.74,0.097974
7930,7930,792.99,0.098003
7932,7932,793.24,0.09693
7935,7935,793.49,0.09929
7937,7937,793.74,0.099218
7940,7940,793.99,0.098746
7942,7942,794.24,0.09969
7945,7945,794.49,0.097159
7947,7947,794.74,0.097502
7950,7950,794.99,0.098818
7952,7952,795.24,0.097345
7955,7955,795.49,0.097331
7957,7957,795.74,0.097931
7960,7960,795.99,0.10012
7962,7962,796.24,0.097388
7965,7965,796.49,0.098703
7967,7967,796.74,0.09846
7970,7970,796.99,0.098074
7972,7972,797.24,0.098074
7975,7975,797.49,0.098132
7977,7977,797.74,0.09816
7980,7980,797.99,0.10856
7982,7982,798.24,0.11273
7985,7985,798.49,0.11477
7987,7987,798.74,0.11579
7990,7990,798.99,0.11332
7992,7992,799.24,0.11532
7995,7995,799.49,0.1154
7997,7997,799.74,0.11532
8000,8000,799.99,0.11545
8002,8002,800.24,0.11562
8005,8005,800.49,0.11473
8007,8007,800.74,0.11264
8010,8010,800.99,0.11242
8012,8012,801.24,0.11337
8015,8015,801.49,0.11365
8017,8017,801.74,0.11618
8020,8020,801.99,0.11683
8022,8022,802.24,0.11659
8025,8025,802.49,0.11735
8027,8027,802.74,0.11819
8030,8030,802.99,0.11749
8032,8032,803.24,0.11878
8035,8035,803.49,0.11904
8037,8037,803.74,0.11812
8040,8040,803.99,0.11892
8042,8042,804.24,0.11758
8045,8045,804.49,0.11772
8047,8047,804.74,0.11806
8050,8050,804.99,0.11846
8052,8052,805.24,0.11645
8055,8055,805.49,0.10911
8057,8057,805.74,0.1145
8060,8060,805.99,0.11838
8062,8062,806.24,0.12009
8065,8065,806.49,0.12045
8067,8067,806.75,0.12041
8070,8070,807,0.12039
8072,8072,807.25,0.12021
8075,8075,807.5,0.11668
8077,8077,807.75,0.11515
8080,8080,808,0.11716
8082,8082,808.25,0.11972
8085,8085,808.5,0.11871
8087,8087,808.75,0.11904
8090,8090,809,0.11822
8092,8092,809.25,0.11851
8095,8095,809.5,0.11772
8097,8097,809.75,0.11746
8100,8100,810,0.11916
8102,8102,810.25,0.11691
8105,8105,810.5,0.12015
8107,8107,810.75,0.12021
8110,8110,811,0.12031
8112,8112,811.25,0.11924
8115,8115,811.5,0.11988
8117,8117,811.75,0.11942
8120,8120,812,0.12211
8122,8122,812.25,0.12117
8125,8125,812.5,0.1217
8127,8127,812.75,0.12079
8130,8130,813,0.12064
8132,8132,813.25,0.12099
8135,8135,813.5,0.12128
8137,8137,813.75,0.12069
8140,8140,814,0.12098
8142,8142,814.25,0.12125
8145,8145,814.5,0.12198
8147,8147,814.75,0.12104
8150,8150,815,0.11796
8152,8152,815.25,0.11233
8155,8155,815.5,0.12564
8157,8157,815.75,0.13481
8160,8160,816,0.13288
8162,8162,816.25,0.12943
8165,8165,816.5,0.1297
8167,8167,816.75,0.13019
8170,8170,817,0.12866
8172,8172,817.25,0.12846
8175,8175,817.5,0.12847
8177,8177,817.75,0.11965
8180,8180,818,0.10767
8182,8182,818.25,0.10591
8185,8185,818.5,0.11796
8187,8187,818.75,0.12365
8190,8190,819,0.12317
8192,8192,819.25,0.11812
8195,8195,819.5,0.11578
8197,8197,819.75,0.11486
8200,8200,820,0.11432
8202,8202,820.25,0.11356
8205,8205,820.5,0.11352
8207,8207,820.75,0.11276
8210,8210,821,0.1132
8212,8212,821.25,0.11283
8215,8215,821.5,0.11256
8217,8217,821.75,0.11222
8220,8220,822,0.11243
8222,8222,822.25,0.11172
8225,8225,822.5,0.11146
8227,8227,822.75,0.11096
8230,8230,823,0.11293
8232,8232,823.25,0.11212
8235,8235,823.5,0.11149
8237,8237,823.75,0.11173
8240,8240,824,0.11137
8242,8242,824.25,0.11267
8245,8245,824.5,0.11123
8247,8247,824.75,0.1115
8250,8250,825,0.11161
8252,8252,825.25,0.11131
8255,8255,825.5,0.11089
8257,8257,825.75,0.11144
8260,8260,826,0.11093
8262,8262,826.25,0.11439
8265,8265,826.5,0.11629
8267,8267,826.75,0.11681
8270,8270,827,0.11779
8272,8272,827.25,0.11828
8275,8275,827.5,0.11885
8278,8278,827.75,0.11845
8280,8280,828,0.12058
8283,8283,828.25,0.12068
8285,8285,828.5,0.12102
8288,8288,828.75,0.12381
8290,8290,829,0.12218
8293,8293,829.25,0.12334
8295,8295,829.5,0.12041
8298,8298,829.75,0.12011
8300,8300,830,0.12094
8303,8303,830.25,0.12029
8305,8305,830.5,0.12112
8308,8308,830.75,0.12118
8310,8310,831,0.12287
8313,8313,831.25,0.12119
8315,8315,831.5,0.12105
8318,8318,831.75,0.12085
8320,8320,832,0.12111
8323,8323,832.25,0.12184
8325,8325,832.5,0.12142
8328,8328,832.75,0.12087
8330,8330,833,0.12117
8333,8333,833.25,0.12034
8335,8335,833.5,0.12127
8338,8338,833.75,0.12105
8340,8340,834,0.12175
8343,8343,834.25,0.12305
8345,8345,834.5,0.12158
8348,8348,834.75,0.12324
8350,8350,835,0.12323
8353,8353,835.25,0.1237
8355,8355,835.5,0.12323
8358,8358,835.75,0.12254
8360,8360,836,0.12175
8363,8363,836.25,0.1213
8365,8365,836.5,0.12128
8368,8368,836.75,0.12294
8370,8370,837,0.12232
8373,8373,837.25,0.12318
8375,8375,837.5,0.12301
8378,8378,837.75,0.12211
8380,8380,838,0.12314
8383,8383,838.25,0.12204
8385,8385,838.5,0.12054
8388,8388,838.75,0.12214
8390,8390,839,0.12187
8393,8393,839.25,0.12218
8395,8395,839.5,0.12275
8398,8398,839.75,0.12201
8400,8400,840,0.12184
8403,8403,840.25,0.11686
8405,8405,840.5,0.11768
8408,8408,840.75,0.11775
8410,8410,841,0.11691
8413,8413,841.25,0.11783
8415,8415,841.5,0.11852
8418,8418,841.75,0.12028
8420,8420,842,0.12039
8423,8423,842.25,0.11926
8425,8425,842.5,0.11924
8428,8428,842.75,0.11882
8430,8430,843,0.11828
8433,8433,843.25,0.11806
8435,8435,843.5,0.11875
8438,8438,843.75,0.11722
8440,8440,844,0.11886
8443,8443,844.25,0.11811
8445,8445,844.5,0.11731
8448,8448,844.75,0.11721
8450,8450,845,0.11755
8453,8453,845.25,0.11721
8455,8455,845.5,0.11721
8458,8458,845.75,0.11834
8460,8460,846,0.11779
8463,8463,846.25,0.11756
8465,8465,846.5,0.11946
8468,8468,846.75,0.11718
8470,8470,847,0.11745
8473,8473,847.25,0.12012
8475,8475,847.5,0.11886
8478,8478,847.75,0.11815
8480,8480,848,0.11736
8483,8483,848.26,0.11679
8485,8485,848.51,0.11678
8488,8488,848.76,0.11712
8490,8490,849.01,0.11846
8493,8493,849.26,0.11705
8495,8495,849.51,0.11808
8498,8498,849.76,0.11762
8500,8500,850.01,0.11832
8503,8503,850.26,0.11725
8505,8505,850.51,0.11725
8508,8508,850.76,0.11749
8510,8510,851.01,0.11771
8513,8513,851.26,0.11763
8515,8515,851.51,0.11865
8518,8518,851.76,0.11785
8520,8520,852.01,0.11738
8523,8523,852.26,0.11709
8525,8525,852.51,0.11819
8528,8528,852.76,0.11748
8530,8530,853.01,0.11773
8533,8533,853.26,0.11701
8535,8535,853.51,0.12035
8538,8538,853.76,0.11949
8540,8540,854.01,0.11725
8543,8543,854.26,0.12094
8545,8545,854.51,0.12162
8548,8548,854.76,0.12132
8550,8550,855.01,0.12151
8553,8553,855.26,0.12094
8555,8555,855.51,0.12205
8558,8558,855.76,0.12181
8560,8560,856.01,0.12104
8563,8563,856.26,0.12067
8565,8565,856.51,0.12102
8568,8568,856.76,0.12032
8570,8570,857.01,0.12178
8573,8573,857.26,0.11935
8575,8575,857.51,0.12231
8578,8578,857.76,0.1214
8580,8580,858.01,0.12109
8583,8583,858.26,0.12074
8585,8585,858.51,0.12191
8588,8588,858.76,0.12127
8590,8590,859.01,0.12065
8593,8593,859.26,0.12097
8595,8595,859.51,0.12162
8598,8598,859.76,0.12104
8600,8600,860.01,0.12027
8603,8603,860.26,0.12071
8605,8605,860.51,0.12085
8608,8608,860.76,0.11928
8610,8610,861.01,0.12035
8613,8613,861.26,0.12151
8615,8615,861.51,0.12079
8618,8618,861.76,0.12018
8620,8620,862.01,0.12067
8623,8623,862.26,0.11924
8625,8625,862.51,0.11725
8628,8628,862.76,0.11929
8630,8630,863.01,0.11831
8633,8633,863.26,0.12119
8635,8635,863.51,0.12526
8638,8638,863.76,0.12473
8640,8640,864.01,0.126
8643,8643,864.26,0.12597
8645,8645,864.51,0.12528
8648,8648,864.76,0.12593
8650,8650,865.01,0.12521
8653,8653,865.26,0.12623
8655,8655,865.51,0.12697
8658,8658,865.76,0.12624
8660,8660,866.01,0.12634
8663,8663,866.26,0.12508
8665,8665,866.51,0.11738
8668,8668,866.76,0.11023
8670,8670,867.01,0.1056
8673,8673,867.26,0.10565
8675,8675,867.51,0.10534
8678,8678,867.76,0.10454
8680,8680,868.01,0.10431
8683,8683,868.26,0.10181
8685,8685,868.51,0.1086
8688,8688,868.76,0.11719
8690,8690,869.01,0.11659
8693,8693,869.26,0.11526
8695,8695,869.51,0.1102
8698,8698,869.76,0.10967
8700,8700,870.01,0.10567
8703,8703,870.26,0.10485
8705,8705,870.51,0.10419
8708,8708,870.76,0.10567
8710,8710,871.01,0.10469
8713,8713,871.26,0.10491
8715,8715,871.51,0.10572
8718,8718,871.76,0.10577
8720,8720,872.01,0.10763
8723,8723,872.26,0.10713
8725,8725,872.51,0.10793
8728,8728,872.76,0.10725
8730,8730,873.01,0.10974
8733,8733,873.26,0.1152
8735,8735,873.51,0.11287
8738,8738,873.76,0.11156
8740,8740,874.01,0.11377
8743,8743,874.26,0.11595
8745,8745,874.51,0.10478
8748,8748,874.76,0.10255
8750,8750,875.01,0.10056
8753,8753,875.26,0.10192
8755,8755,875.51,0.099433
8758,8758,875.76,0.10036
8760,8760,876.01,0.099361
8763,8763,876.26,0.099661
8765,8765,876.51,0.10296
8768,8768,876.76,0.13757
8770,8770,877.01,0.12864
8773,8773,877.26,0.16322
8775,8775,877.51,0.1564
8778,8778,877.76,0.12411
8780,8780,878.01,0.10498
8783,8783,878.26,0.10521
8785,8785,878.51,0.10394
8788,8788,878.76,0.098046
8790,8790,879.01,0.094371
8793,8793,879.26,0.094829
8795,8795,879.51,0.094099
8798,8798,879.76,0.092255
8800,8800,880.01,0.0947
8803,8803,880.26,0.096387
8805,8805,880.51,0.089181
8808,8808,880.76,0.089181
8810,8810,881.01,0.088423
8813,8813,881.26,0.087565
8815,8815,881.51,0.088294
8818,8818,881.76,0.089152
8820,8820,882.01,0.09786
8823,8823,882.26,0.09643
8825,8825,882.51,0.096287
8828,8828,882.76,0.095529
