5,5,0.46113,27.578,0.25781
15,15,1.4614,27.609,0.26094
25,25,2.4616,27.609,0.26094
35,35,3.4619,27.609,0.26094
45,45,4.4621,27.641,0.26406
55,55,5.4624,27.672,0.26719
65,65,6.4626,27.648,0.26484
75,75,7.4628,27.664,0.26641
85,85,8.4631,27.703,0.27031
95,95,9.4633,27.734,0.27344
105,105,10.464,27.711,0.27109
115,115,11.464,27.727,0.27266
125,125,12.464,27.75,0.275
135,135,13.464,27.789,0.27891
145,145,14.465,27.82,0.28203
155,155,15.465,27.844,0.28437
165,165,16.465,27.859,0.28594
175,175,17.465,27.875,0.2875
185,185,18.466,27.906,0.29063
195,195,19.466,27.914,0.29141
205,205,20.466,27.922,0.29219
215,215,21.466,27.93,0.29297
225,225,22.467,27.938,0.29375
235,235,23.467,27.953,0.29531
245,245,24.467,27.969,0.29688
255,255,25.467,27.969,0.29688
265,265,26.467,27.969,0.29688
275,275,27.468,27.977,0.29766
285,285,28.468,27.961,0.29609
295,295,29.468,27.938,0.29375
305,305,30.468,27.898,0.28984
315,315,31.469,27.867,0.28672
325,325,32.469,27.867,0.28672
335,335,33.469,27.836,0.28359
345,345,34.469,27.828,0.28281
355,355,35.47,27.812,0.28125
365,365,36.47,27.789,0.27891
375,375,37.47,27.773,0.27734
385,385,38.47,27.758,0.27578
395,395,39.471,27.75,0.275
405,405,40.471,27.711,0.27109
415,415,41.471,27.719,0.27187
425,425,42.471,27.711,0.27109
435,435,43.472,27.68,0.26797
445,445,44.472,27.656,0.26562
455,455,45.472,27.656,0.26562
465,465,46.472,27.641,0.26406
475,475,47.473,27.633,0.26328
485,485,48.473,27.617,0.26172
495,495,49.473,27.617,0.26172
505,505,50.473,27.602,0.26016
515,515,51.474,27.586,0.25859
525,525,52.474,27.562,0.25625
535,535,53.474,27.555,0.25547
545,545,54.474,27.648,0.26484
555,555,55.475,27.656,0.26562
565,565,56.475,27.812,0.28125
575,575,57.475,27.789,0.27891
585,585,58.475,27.734,0.27344
595,595,59.476,27.695,0.26953
605,605,60.476,27.672,0.26719
615,615,61.476,27.672,0.26719
625,625,62.476,27.656,0.26562
635,635,63.477,27.633,0.26328
645,645,64.477,27.773,0.27734
655,655,65.477,28.141,0.31406
665,665,66.477,28.195,0.31953
675,675,67.477,28.164,0.31641
685,685,68.478,28.117,0.31172
695,695,69.478,28.078,0.30781
705,705,70.478,28.047,0.30469
715,715,71.478,28.023,0.30234
725,725,72.479,27.977,0.29766
735,735,73.479,27.977,0.29766
745,745,74.479,27.945,0.29453
755,755,75.479,27.859,0.28594
765,765,76.48,27.75,0.275
775,775,77.48,27.656,0.26562
785,785,78.48,27.617,0.26172
795,795,79.48,27.578,0.25781
805,805,80.481,27.656,0.26562
815,815,81.481,27.719,0.27187
825,825,82.481,27.766,0.27656
835,835,83.481,27.812,0.28125
845,845,84.482,27.82,0.28203
855,855,85.482,27.867,0.28672
865,865,86.482,27.875,0.2875
875,875,87.482,27.859,0.28594
885,885,88.483,27.852,0.28516
895,895,89.483,27.852,0.28516
905,905,90.483,27.898,0.28984
915,915,91.483,27.992,0.29922
925,925,92.484,28.055,0.30547
935,935,93.484,28.117,0.31172
945,945,94.484,28.109,0.31094
955,955,95.484,28.133,0.31328
965,965,96.485,28.125,0.3125
975,975,97.485,28.125,0.3125
985,985,98.485,28.094,0.30938
995,995,99.485,28.117,0.31172
1005,1005,100.49,28.141,0.31406
1015,1015,101.49,28.172,0.31719
1025,1025,102.49,28.195,0.31953
1035,1035,103.49,28.195,0.31953
1045,1045,104.49,28.227,0.32266
1055,1055,105.49,28.227,0.32266
1065,1065,106.49,28.227,0.32266
1075,1075,107.49,28.234,0.32344
1085,1085,108.49,28.219,0.32188
1095,1095,109.49,28.227,0.32266
1105,1105,110.49,28.258,0.32578
1115,1115,111.49,28.258,0.32578
1125,1125,112.49,28.25,0.325
1135,1135,113.49,28.266,0.32656
1145,1145,114.49,28.273,0.32734
1155,1155,115.49,28.297,0.32969
1165,1165,116.49,28.305,0.33047
1175,1175,117.49,28.32,0.33203
1185,1185,118.49,28.328,0.33281
1195,1195,119.49,28.336,0.33359
1205,1205,120.49,28.344,0.33437
1215,1215,121.49,28.344,0.33437
1225,1225,122.49,28.328,0.33281
1235,1235,123.49,28.328,0.33281
1245,1245,124.49,28.336,0.33359
1255,1255,125.49,28.32,0.33203
1265,1265,126.49,28.312,0.33125
1275,1275,127.49,28.297,0.32969
1285,1285,128.49,28.305,0.33047
1295,1295,129.49,28.328,0.33281
1305,1305,130.49,28.336,0.33359
1315,1315,131.49,28.336,0.33359
1325,1325,132.49,28.336,0.33359
1335,1335,133.49,28.344,0.33437
1345,1345,134.49,28.352,0.33516
1355,1355,135.49,28.352,0.33516
1365,1365,136.49,28.352,0.33516
1375,1375,137.49,28.359,0.33594
1385,1385,138.49,28.359,0.33594
1395,1395,139.5,28.359,0.33594
1405,1405,140.5,28.406,0.34063
1415,1415,141.5,28.43,0.34297
1425,1425,142.5,28.469,0.34687
1435,1435,143.5,28.5,0.35
1445,1445,144.5,28.531,0.35313
1455,1455,145.5,28.555,0.35547
1465,1465,146.5,28.578,0.35781
1475,1475,147.5,28.578,0.35781
1485,1485,148.5,28.586,0.35859
1495,1495,149.5,28.609,0.36094
1505,1505,150.5,28.594,0.35938
1515,1515,151.5,28.586,0.35859
1525,1525,152.5,28.609,0.36094
1535,1535,153.5,28.594,0.35938
1545,1545,154.5,28.602,0.36016
1555,1555,155.5,28.617,0.36172
1565,1565,156.5,28.609,0.36094
1575,1575,157.5,28.617,0.36172
1585,1585,158.5,28.633,0.36328
1595,1595,159.5,28.625,0.3625
1605,1605,160.5,28.617,0.36172
1615,1615,161.5,28.641,0.36406
1625,1625,162.5,28.633,0.36328
1635,1635,163.5,28.625,0.3625
1645,1645,164.5,28.641,0.36406
1655,1655,165.5,28.648,0.36484
1665,1665,166.5,28.641,0.36406
1675,1675,167.5,28.641,0.36406
1685,1685,168.5,28.648,0.36484
1695,1695,169.5,28.648,0.36484
1705,1705,170.5,28.641,0.36406
1715,1715,171.5,28.656,0.36562
1725,1725,172.5,28.641,0.36406
1735,1735,173.5,28.656,0.36562
1745,1745,174.5,28.633,0.36328
1755,1755,175.5,28.633,0.36328
1765,1765,176.5,28.641,0.36406
1775,1775,177.5,28.641,0.36406
1785,1785,178.5,28.633,0.36328
1795,1795,179.5,28.633,0.36328
1805,1805,180.51,28.641,0.36406
1815,1815,181.51,28.641,0.36406
1825,1825,182.51,28.641,0.36406
1835,1835,183.51,28.633,0.36328
1845,1845,184.51,28.633,0.36328
1855,1855,185.51,28.625,0.3625
1865,1865,186.51,28.633,0.36328
1875,1875,187.51,28.641,0.36406
1885,1885,188.51,28.641,0.36406
1895,1895,189.51,28.641,0.36406
1905,1905,190.51,28.633,0.36328
1915,1915,191.51,28.625,0.3625
1925,1925,192.51,28.633,0.36328
1935,1935,193.51,28.617,0.36172
1945,1945,194.51,28.633,0.36328
1955,1955,195.51,28.641,0.36406
1965,1965,196.51,28.625,0.3625
1975,1975,197.51,28.641,0.36406
1985,1985,198.51,28.633,0.36328
1995,1995,199.51,28.648,0.36484
2005,2005,200.51,28.633,0.36328
2015,2015,201.51,28.641,0.36406
2025,2025,202.51,28.641,0.36406
2035,2035,203.51,28.641,0.36406
2045,2045,204.51,28.633,0.36328
2055,2055,205.51,28.641,0.36406
2065,2065,206.51,28.633,0.36328
2075,2075,207.51,28.641,0.36406
2085,2085,208.51,28.633,0.36328
2095,2095,209.51,28.633,0.36328
2105,2105,210.51,28.625,0.3625
2115,2115,211.51,28.633,0.36328
2125,2125,212.51,28.625,0.3625
2135,2135,213.51,28.633,0.36328
2145,2145,214.51,28.617,0.36172
2155,2155,215.51,28.617,0.36172
2165,2165,216.51,28.617,0.36172
2175,2175,217.51,28.617,0.36172
2185,2185,218.51,28.633,0.36328
2195,2195,219.51,28.633,0.36328
2205,2205,220.51,28.641,0.36406
2215,2215,221.52,28.641,0.36406
2225,2225,222.52,28.641,0.36406
2235,2235,223.52,28.625,0.3625
2245,2245,224.52,28.633,0.36328
2255,2255,225.52,28.641,0.36406
2265,2265,226.52,28.641,0.36406
2275,2275,227.52,28.641,0.36406
2285,2285,228.52,28.656,0.36562
2295,2295,229.52,28.641,0.36406
2305,2305,230.52,28.641,0.36406
2315,2315,231.52,28.641,0.36406
2325,2325,232.52,28.656,0.36562
2335,2335,233.52,28.656,0.36562
2345,2345,234.52,28.648,0.36484
2355,2355,235.52,28.656,0.36562
2365,2365,236.52,28.648,0.36484
2375,2375,237.52,28.664,0.36641
2385,2385,238.52,28.664,0.36641
2395,2395,239.52,28.664,0.36641
2405,2405,240.52,28.664,0.36641
2415,2415,241.52,28.664,0.36641
2425,2425,242.52,28.672,0.36719
2435,2435,243.52,28.664,0.36641
2445,2445,244.52,28.664,0.36641
2455,2455,245.52,28.672,0.36719
2465,2465,246.52,28.672,0.36719
2475,2475,247.52,28.672,0.36719
2485,2485,248.52,28.672,0.36719
2495,2495,249.52,28.672,0.36719
2505,2505,250.52,28.672,0.36719
2515,2515,251.52,28.68,0.36797
2525,2525,252.52,28.688,0.36875
2535,2535,253.52,28.68,0.36797
2545,2545,254.52,28.68,0.36797
2555,2555,255.52,28.688,0.36875
2565,2565,256.52,28.68,0.36797
2575,2575,257.52,28.688,0.36875
2585,2585,258.52,28.695,0.36953
2595,2595,259.52,28.688,0.36875
2605,2605,260.52,28.695,0.36953
2615,2615,261.52,28.695,0.36953
2625,2625,262.53,28.68,0.36797
2635,2635,263.53,28.695,0.36953
2645,2645,264.53,28.688,0.36875
2655,2655,265.53,28.695,0.36953
2665,2665,266.53,28.695,0.36953
2675,2675,267.53,28.688,0.36875
2685,2685,268.53,28.711,0.37109
2695,2695,269.53,28.711,0.37109
2705,2705,270.53,28.695,0.36953
2715,2715,271.53,28.695,0.36953
2725,2725,272.53,28.711,0.37109
2735,2735,273.53,28.703,0.37031
2745,2745,274.53,28.703,0.37031
2755,2755,275.53,28.703,0.37031
2765,2765,276.53,28.703,0.37031
2775,2775,277.53,28.711,0.37109
2785,2785,278.53,28.711,0.37109
2795,2795,279.53,28.711,0.37109
2805,2805,280.53,28.711,0.37109
2815,2815,281.53,28.711,0.37109
2825,2825,282.53,28.703,0.37031
2835,2835,283.53,28.727,0.37266
2845,2845,284.53,28.719,0.37188
2855,2855,285.53,28.711,0.37109
2865,2865,286.53,28.711,0.37109
2875,2875,287.53,28.719,0.37188
2885,2885,288.53,28.727,0.37266
2895,2895,289.53,28.719,0.37188
2905,2905,290.53,28.727,0.37266
2915,2915,291.53,28.727,0.37266
2925,2925,292.53,28.734,0.37344
2935,2935,293.53,28.734,0.37344
2945,2945,294.53,28.734,0.37344
2955,2955,295.53,28.719,0.37188
2965,2965,296.53,28.719,0.37188
2975,2975,297.53,28.719,0.37188
2985,2985,298.53,28.719,0.37188
2995,2995,299.53,28.727,0.37266
3005,3005,300.53,28.727,0.37266
3015,3015,301.53,28.711,0.37109
3025,3025,302.53,28.727,0.37266
3035,3035,303.54,28.727,0.37266
3045,3045,304.54,28.75,0.375
3055,3055,305.54,28.742,0.37422
3065,3065,306.54,28.727,0.37266
3075,3075,307.54,28.742,0.37422
3085,3085,308.54,28.75,0.375
3095,3095,309.54,28.75,0.375
3105,3105,310.54,28.75,0.375
3115,3115,311.54,28.734,0.37344
3125,3125,312.54,28.734,0.37344
3135,3135,313.54,28.727,0.37266
3145,3145,314.54,28.734,0.37344
3155,3155,315.54,28.734,0.37344
3165,3165,316.54,28.766,0.37656
3175,3175,317.54,28.75,0.375
3185,3185,318.54,28.734,0.37344
3195,3195,319.54,28.742,0.37422
3205,3205,320.54,28.75,0.375
3215,3215,321.54,28.742,0.37422
3225,3225,322.54,28.742,0.37422
3235,3235,323.54,28.742,0.37422
3245,3245,324.54,28.742,0.37422
3255,3255,325.54,28.742,0.37422
3265,3265,326.54,28.734,0.37344
3275,3275,327.54,28.75,0.375
3285,3285,328.54,28.742,0.37422
3295,3295,329.54,28.742,0.37422
3305,3305,330.54,28.75,0.375
3315,3315,331.54,28.742,0.37422
3325,3325,332.54,28.75,0.375
3335,3335,333.54,28.758,0.37578
3345,3345,334.54,28.75,0.375
3355,3355,335.54,28.742,0.37422
3365,3365,336.54,28.75,0.375
3375,3375,337.54,28.758,0.37578
3385,3385,338.54,28.75,0.375
3395,3395,339.54,28.773,0.37734
3405,3405,340.54,28.75,0.375
3415,3415,341.54,28.758,0.37578
3425,3425,342.54,28.758,0.37578
3435,3435,343.54,28.758,0.37578
3445,3445,344.55,28.766,0.37656
3455,3455,345.55,28.758,0.37578
3465,3465,346.55,28.758,0.37578
3475,3475,347.55,28.766,0.37656
3485,3485,348.55,28.758,0.37578
3495,3495,349.55,28.773,0.37734
3505,3505,350.55,28.773,0.37734
3515,3515,351.55,28.781,0.37812
3525,3525,352.55,28.758,0.37578
3535,3535,353.55,28.766,0.37656
3545,3545,354.55,28.773,0.37734
3555,3555,355.55,28.789,0.37891
3565,3565,356.55,28.781,0.37812
3575,3575,357.55,28.766,0.37656
3585,3585,358.55,28.773,0.37734
3595,3595,359.55,28.773,0.37734
3605,3605,360.55,28.773,0.37734
3615,3615,361.55,28.766,0.37656
3625,3625,362.55,28.781,0.37812
3635,3635,363.55,28.781,0.37812
3645,3645,364.55,28.781,0.37812
3656,3656,365.55,28.766,0.37656
3666,3666,366.55,28.781,0.37812
3676,3676,367.55,28.773,0.37734
3686,3686,368.55,28.781,0.37812
3696,3696,369.55,28.789,0.37891
3706,3706,370.55,28.781,0.37812
3716,3716,371.55,28.797,0.37969
3726,3726,372.55,28.797,0.37969
3736,3736,373.55,28.789,0.37891
3746,3746,374.55,28.789,0.37891
3756,3756,375.55,28.797,0.37969
3766,3766,376.55,28.812,0.38125
3776,3776,377.55,28.805,0.38047
3786,3786,378.55,28.797,0.37969
3796,3796,379.55,28.797,0.37969
3806,3806,380.55,28.797,0.37969
3816,3816,381.55,28.805,0.38047
3826,3826,382.55,28.805,0.38047
3836,3836,383.55,28.812,0.38125
3846,3846,384.55,28.805,0.38047
3856,3856,385.56,28.82,0.38203
3866,3866,386.56,28.812,0.38125
3876,3876,387.56,28.805,0.38047
3886,3886,388.56,28.82,0.38203
3896,3896,389.56,28.812,0.38125
3906,3906,390.56,28.812,0.38125
3916,3916,391.56,28.812,0.38125
3926,3926,392.56,28.82,0.38203
3936,3936,393.56,28.812,0.38125
3946,3946,394.56,28.812,0.38125
3956,3956,395.56,28.812,0.38125
3966,3966,396.56,28.828,0.38281
3976,3976,397.56,28.82,0.38203
3986,3986,398.56,28.828,0.38281
3996,3996,399.56,28.836,0.38359
4006,4006,400.56,28.836,0.38359
4016,4016,401.56,28.828,0.38281
4026,4026,402.56,28.82,0.38203
4036,4036,403.56,28.82,0.38203
4046,4046,404.56,28.828,0.38281
4056,4056,405.56,28.844,0.38438
4066,4066,406.56,28.836,0.38359
4076,4076,407.56,28.836,0.38359
4086,4086,408.56,28.828,0.38281
4096,4096,409.56,28.82,0.38203
4106,4106,410.56,28.828,0.38281
4116,4116,411.56,28.836,0.38359
4126,4126,412.56,28.844,0.38438
4136,4136,413.56,28.836,0.38359
4146,4146,414.56,28.828,0.38281
4156,4156,415.56,28.82,0.38203
4166,4166,416.56,28.836,0.38359
4176,4176,417.56,28.836,0.38359
4186,4186,418.56,28.828,0.38281
4196,4196,419.56,28.836,0.38359
4206,4206,420.56,28.82,0.38203
4216,4216,421.56,28.82,0.38203
4226,4226,422.56,28.82,0.38203
4236,4236,423.56,28.82,0.38203
4246,4246,424.56,28.836,0.38359
4256,4256,425.56,28.828,0.38281
4266,4266,426.57,28.828,0.38281
4276,4276,427.57,28.828,0.38281
4286,4286,428.57,28.82,0.38203
4296,4296,429.57,28.844,0.38438
4306,4306,430.57,28.836,0.38359
4316,4316,431.57,28.844,0.38438
4326,4326,432.57,28.836,0.38359
4336,4336,433.57,28.836,0.38359
4346,4346,434.57,28.836,0.38359
4356,4356,435.57,28.828,0.38281
4366,4366,436.57,28.828,0.38281
4376,4376,437.57,28.836,0.38359
4386,4386,438.57,28.844,0.38438
4396,4396,439.57,28.836,0.38359
4406,4406,440.57,28.844,0.38438
4416,4416,441.57,28.836,0.38359
4426,4426,442.57,28.836,0.38359
4436,4436,443.57,28.852,0.38516
4446,4446,444.57,28.828,0.38281
4456,4456,445.57,28.836,0.38359
4466,4466,446.57,28.836,0.38359
4476,4476,447.57,28.852,0.38516
4486,4486,448.57,28.836,0.38359
4496,4496,449.57,28.836,0.38359
4506,4506,450.57,28.828,0.38281
4516,4516,451.57,28.836,0.38359
4526,4526,452.57,28.844,0.38438
4536,4536,453.57,28.844,0.38438
4546,4546,454.57,28.828,0.38281
4556,4556,455.57,28.836,0.38359
4566,4566,456.57,28.82,0.38203
4576,4576,457.57,28.836,0.38359
4586,4586,458.57,28.828,0.38281
4596,4596,459.57,28.836,0.38359
4606,4606,460.57,28.836,0.38359
4616,4616,461.57,28.836,0.38359
4626,4626,462.57,28.82,0.38203
4636,4636,463.57,28.812,0.38125
4646,4646,464.57,28.828,0.38281
4656,4656,465.57,28.805,0.38047
4666,4666,466.57,28.82,0.38203
4676,4676,467.58,28.82,0.38203
4686,4686,468.58,28.82,0.38203
4696,4696,469.58,28.812,0.38125
4706,4706,470.58,28.812,0.38125
4716,4716,471.58,28.812,0.38125
4726,4726,472.58,28.805,0.38047
4736,4736,473.58,28.805,0.38047
4746,4746,474.58,28.805,0.38047
4756,4756,475.58,28.805,0.38047
4766,4766,476.58,28.805,0.38047
4776,4776,477.58,28.812,0.38125
4786,4786,478.58,28.805,0.38047
4796,4796,479.58,28.812,0.38125
4806,4806,480.58,28.789,0.37891
4816,4816,481.58,28.789,0.37891
4826,4826,482.58,28.805,0.38047
4836,4836,483.58,28.789,0.37891
4846,4846,484.58,28.789,0.37891
4856,4856,485.58,28.789,0.37891
4866,4866,486.58,28.797,0.37969
4876,4876,487.58,28.789,0.37891
4886,4886,488.58,28.781,0.37812
4896,4896,489.58,28.781,0.37812
4906,4906,490.58,28.781,0.37812
4916,4916,491.58,28.789,0.37891
4926,4926,492.58,28.781,0.37812
4936,4936,493.58,28.789,0.37891
4946,4946,494.58,28.781,0.37812
4956,4956,495.58,28.797,0.37969
4966,4966,496.58,28.797,0.37969
4976,4976,497.58,28.797,0.37969
4986,4986,498.58,28.805,0.38047
4996,4996,499.58,28.797,0.37969
5006,5006,500.58,28.805,0.38047
5016,5016,501.58,28.797,0.37969
5026,5026,502.58,28.812,0.38125
5036,5036,503.58,28.812,0.38125
5046,5046,504.58,28.82,0.38203
5056,5056,505.58,28.82,0.38203
5066,5066,506.58,28.828,0.38281
5076,5076,507.58,28.82,0.38203
5086,5086,508.59,28.82,0.38203
5096,5096,509.59,28.828,0.38281
5106,5106,510.59,28.812,0.38125
5116,5116,511.59,28.828,0.38281
5126,5126,512.59,28.828,0.38281
5136,5136,513.59,28.82,0.38203
5146,5146,514.59,28.797,0.37969
5156,5156,515.59,28.82,0.38203
5166,5166,516.59,28.812,0.38125
5176,5176,517.59,28.805,0.38047
5186,5186,518.59,28.797,0.37969
5196,5196,519.59,28.805,0.38047
5206,5206,520.59,28.805,0.38047
5216,5216,521.59,28.805,0.38047
5226,5226,522.59,28.789,0.37891
5236,5236,523.59,28.789,0.37891
5246,5246,524.59,28.789,0.37891
5256,5256,525.59,28.789,0.37891
5266,5266,526.59,28.797,0.37969
5276,5276,527.59,28.781,0.37812
5286,5286,528.59,28.797,0.37969
5296,5296,529.59,28.789,0.37891
5306,5306,530.59,28.789,0.37891
5316,5316,531.59,28.773,0.37734
5326,5326,532.59,28.781,0.37812
5336,5336,533.59,28.773,0.37734
5346,5346,534.59,28.781,0.37812
5356,5356,535.59,28.773,0.37734
5366,5366,536.59,28.758,0.37578
5376,5376,537.59,28.781,0.37812
5386,5386,538.59,28.781,0.37812
5396,5396,539.59,28.758,0.37578
5406,5406,540.59,28.758,0.37578
5416,5416,541.59,28.758,0.37578
5426,5426,542.59,28.75,0.375
5436,5436,543.59,28.758,0.37578
5446,5446,544.59,28.758,0.37578
5456,5456,545.59,28.75,0.375
5466,5466,546.59,28.742,0.37422
5476,5476,547.59,28.742,0.37422
5486,5486,548.59,28.75,0.375
5496,5496,549.6,28.742,0.37422
5506,5506,550.6,28.734,0.37344
5516,5516,551.6,28.727,0.37266
5526,5526,552.6,28.727,0.37266
5536,5536,553.6,28.727,0.37266
5546,5546,554.6,28.719,0.37188
5556,5556,555.6,28.734,0.37344
5566,5566,556.6,28.727,0.37266
5576,5576,557.6,28.734,0.37344
5586,5586,558.6,28.719,0.37188
5596,5596,559.6,28.734,0.37344
5606,5606,560.6,28.734,0.37344
5616,5616,561.6,28.719,0.37188
5626,5626,562.6,28.727,0.37266
5636,5636,563.6,28.734,0.37344
5646,5646,564.6,28.734,0.37344
5656,5656,565.6,28.742,0.37422
5666,5666,566.6,28.727,0.37266
5676,5676,567.6,28.734,0.37344
5686,5686,568.6,28.711,0.37109
5696,5696,569.6,28.727,0.37266
5706,5706,570.6,28.734,0.37344
5716,5716,571.6,28.727,0.37266
5726,5726,572.6,28.727,0.37266
5736,5736,573.6,28.742,0.37422
5746,5746,574.6,28.734,0.37344
5756,5756,575.6,28.742,0.37422
5766,5766,576.6,28.75,0.375
5776,5776,577.6,28.727,0.37266
5786,5786,578.6,28.742,0.37422
5796,5796,579.6,28.742,0.37422
5806,5806,580.6,28.742,0.37422
5816,5816,581.6,28.75,0.375
5826,5826,582.6,28.758,0.37578
5836,5836,583.6,28.758,0.37578
5846,5846,584.6,28.758,0.37578
5856,5856,585.6,28.758,0.37578
5866,5866,586.6,28.758,0.37578
5876,5876,587.6,28.75,0.375
5886,5886,588.6,28.75,0.375
5896,5896,589.6,28.758,0.37578
5906,5906,590.61,28.766,0.37656
5916,5916,591.61,28.75,0.375
5926,5926,592.61,28.742,0.37422
5936,5936,593.61,28.75,0.375
5946,5946,594.61,28.766,0.37656
5956,5956,595.61,28.742,0.37422
5966,5966,596.61,28.742,0.37422
5976,5976,597.61,28.742,0.37422
5986,5986,598.61,28.742,0.37422
5996,5996,599.61,28.75,0.375
6006,6006,600.61,28.758,0.37578
6016,6016,601.61,28.758,0.37578
6026,6026,602.61,28.75,0.375
6036,6036,603.61,28.742,0.37422
6046,6046,604.61,28.742,0.37422
6056,6056,605.61,28.742,0.37422
6066,6066,606.61,28.734,0.37344
6076,6076,607.61,28.734,0.37344
6086,6086,608.61,28.734,0.37344
6096,6096,609.61,28.734,0.37344
6106,6106,610.61,28.734,0.37344
6116,6116,611.61,28.727,0.37266
6126,6126,612.61,28.727,0.37266
6136,6136,613.61,28.734,0.37344
6146,6146,614.61,28.734,0.37344
6156,6156,615.61,28.727,0.37266
6166,6166,616.61,28.719,0.37188
6176,6176,617.61,28.727,0.37266
6186,6186,618.61,28.727,0.37266
6196,6196,619.61,28.727,0.37266
6206,6206,620.61,28.727,0.37266
6216,6216,621.61,28.727,0.37266
6226,6226,622.61,28.734,0.37344
6236,6236,623.61,28.719,0.37188
6246,6246,624.61,28.727,0.37266
6256,6256,625.61,28.719,0.37188
6266,6266,626.61,28.727,0.37266
6276,6276,627.61,28.711,0.37109
6286,6286,628.61,28.727,0.37266
6296,6296,629.61,28.711,0.37109
6306,6306,630.61,28.719,0.37188
6316,6316,631.62,28.711,0.37109
6326,6326,632.62,28.711,0.37109
6336,6336,633.62,28.719,0.37188
6346,6346,634.62,28.711,0.37109
6356,6356,635.62,28.727,0.37266
6366,6366,636.62,28.719,0.37188
6376,6376,637.62,28.719,0.37188
6386,6386,638.62,28.727,0.37266
6396,6396,639.62,28.719,0.37188
6406,6406,640.62,28.711,0.37109
6416,6416,641.62,28.703,0.37031
6426,6426,642.62,28.703,0.37031
6436,6436,643.62,28.703,0.37031
6446,6446,644.62,28.711,0.37109
6456,6456,645.62,28.703,0.37031
6466,6466,646.62,28.703,0.37031
6476,6476,647.62,28.695,0.36953
6486,6486,648.62,28.695,0.36953
6496,6496,649.62,28.695,0.36953
6506,6506,650.62,28.695,0.36953
6516,6516,651.62,28.688,0.36875
6526,6526,652.62,28.688,0.36875
6536,6536,653.62,28.688,0.36875
6546,6546,654.62,28.672,0.36719
6556,6556,655.62,28.68,0.36797
6566,6566,656.62,28.68,0.36797
6576,6576,657.62,28.68,0.36797
6586,6586,658.62,28.672,0.36719
6596,6596,659.62,28.68,0.36797
6606,6606,660.62,28.68,0.36797
6616,6616,661.62,28.664,0.36641
6626,6626,662.62,28.672,0.36719
6636,6636,663.62,28.672,0.36719
6646,6646,664.62,28.68,0.36797
6656,6656,665.62,28.68,0.36797
6666,6666,666.62,28.68,0.36797
6676,6676,667.62,28.68,0.36797
6686,6686,668.62,28.672,0.36719
6696,6696,669.62,28.672,0.36719
6706,6706,670.62,28.68,0.36797
6716,6716,671.62,28.68,0.36797
6726,6726,672.63,28.688,0.36875
6736,6736,673.63,28.656,0.36562
6746,6746,674.63,28.68,0.36797
6756,6756,675.63,28.68,0.36797
6766,6766,676.63,28.672,0.36719
6776,6776,677.63,28.688,0.36875
6786,6786,678.63,28.68,0.36797
6796,6796,679.63,28.672,0.36719
6806,6806,680.63,28.664,0.36641
6816,6816,681.63,28.664,0.36641
6826,6826,682.63,28.656,0.36562
6836,6836,683.63,28.648,0.36484
6846,6846,684.63,28.641,0.36406
6856,6856,685.63,28.648,0.36484
6866,6866,686.63,28.633,0.36328
6876,6876,687.63,28.617,0.36172
6886,6886,688.63,28.617,0.36172
6896,6896,689.63,28.625,0.3625
6906,6906,690.63,28.609,0.36094
6916,6916,691.63,28.625,0.3625
6926,6926,692.63,28.617,0.36172
6936,6936,693.63,28.625,0.3625
6946,6946,694.63,28.609,0.36094
6956,6956,695.63,28.609,0.36094
6966,6966,696.63,28.586,0.35859
6976,6976,697.63,28.586,0.35859
6986,6986,698.63,28.57,0.35703
6996,6996,699.63,28.562,0.35625
7006,7006,700.63,28.555,0.35547
7016,7016,701.63,28.555,0.35547
7026,7026,702.63,28.539,0.35391
7036,7036,703.63,28.539,0.35391
7046,7046,704.63,28.531,0.35313
7056,7056,705.63,28.516,0.35156
7066,7066,706.63,28.508,0.35078
7076,7076,707.63,28.5,0.35
7086,7086,708.63,28.484,0.34844
7096,7096,709.63,28.492,0.34922
7106,7106,710.63,28.469,0.34687
7116,7116,711.63,28.461,0.34609
7126,7126,712.63,28.453,0.34531
7136,7136,713.64,28.453,0.34531
7146,7146,714.64,28.445,0.34453
7156,7156,715.64,28.438,0.34375
7166,7166,716.64,28.438,0.34375
7176,7176,717.64,28.438,0.34375
7186,7186,718.64,28.43,0.34297
7196,7196,719.64,28.43,0.34297
7206,7206,720.64,28.43,0.34297
7216,7216,721.64,28.406,0.34063
7226,7226,722.64,28.406,0.34063
7236,7236,723.64,28.391,0.33906
7246,7246,724.64,28.406,0.34063
7256,7256,725.64,28.383,0.33828
7266,7266,726.64,28.375,0.3375
7276,7276,727.64,28.383,0.33828
7286,7286,728.64,28.367,0.33672
7296,7296,729.64,28.375,0.3375
7306,7306,730.64,28.367,0.33672
7316,7316,731.64,28.375,0.3375
7326,7326,732.64,28.367,0.33672
7336,7336,733.64,28.375,0.3375
7346,7346,734.64,28.383,0.33828
7356,7356,735.64,28.383,0.33828
7366,7366,736.64,28.391,0.33906
7376,7376,737.64,28.383,0.33828
7386,7386,738.64,28.383,0.33828
7396,7396,739.64,28.375,0.3375
7406,7406,740.64,28.391,0.33906
7416,7416,741.64,28.375,0.3375
7426,7426,742.64,28.383,0.33828
7436,7436,743.64,28.398,0.33984
7446,7446,744.64,28.383,0.33828
7456,7456,745.64,28.391,0.33906
7466,7466,746.64,28.398,0.33984
7476,7476,747.64,28.398,0.33984
7486,7486,748.64,28.406,0.34063
7496,7496,749.64,28.422,0.34219
7506,7506,750.64,28.406,0.34063
7516,7516,751.64,28.414,0.34141
7526,7526,752.64,28.406,0.34063
7536,7536,753.64,28.422,0.34219
7546,7546,754.65,28.422,0.34219
7556,7556,755.65,28.414,0.34141
7566,7566,756.65,28.414,0.34141
7576,7576,757.65,28.43,0.34297
7586,7586,758.65,28.422,0.34219
7596,7596,759.65,28.422,0.34219
7606,7606,760.65,28.422,0.34219
7616,7616,761.65,28.422,0.34219
7626,7626,762.65,28.414,0.34141
7636,7636,763.65,28.406,0.34063
7646,7646,764.65,28.414,0.34141
7656,7656,765.65,28.406,0.34063
7666,7666,766.65,28.398,0.33984
7676,7676,767.65,28.422,0.34219
7686,7686,768.65,28.398,0.33984
7696,7696,769.65,28.398,0.33984
7706,7706,770.65,28.391,0.33906
7716,7716,771.65,28.375,0.3375
7726,7726,772.65,28.375,0.3375
7736,7736,773.65,28.359,0.33594
7747,7747,774.65,28.359,0.33594
7757,7757,775.65,28.383,0.33828
7767,7767,776.65,28.367,0.33672
7777,7777,777.65,28.352,0.33516
7787,7787,778.65,28.344,0.33437
7797,7797,779.65,28.32,0.33203
7807,7807,780.65,28.328,0.33281
7817,7817,781.65,28.312,0.33125
7827,7827,782.65,28.32,0.33203
7837,7837,783.65,28.312,0.33125
7847,7847,784.65,28.305,0.33047
7857,7857,785.65,28.312,0.33125
7867,7867,786.65,28.297,0.32969
7877,7877,787.65,28.289,0.32891
7887,7887,788.65,28.281,0.32812
7897,7897,789.65,28.289,0.32891
7907,7907,790.65,28.289,0.32891
7917,7917,791.65,28.273,0.32734
7927,7927,792.65,28.281,0.32812
7937,7937,793.65,28.273,0.32734
7947,7947,794.65,28.258,0.32578
7957,7957,795.66,28.273,0.32734
7967,7967,796.66,28.328,0.33281
7977,7977,797.66,28.383,0.33828
7987,7987,798.66,28.375,0.3375
7997,7997,799.66,28.383,0.33828
8007,8007,800.66,28.375,0.3375
8017,8017,801.66,28.383,0.33828
8027,8027,802.66,28.383,0.33828
8037,8037,803.66,28.383,0.33828
8047,8047,804.66,28.391,0.33906
8057,8057,805.66,28.383,0.33828
8067,8067,806.66,28.383,0.33828
8077,8077,807.66,28.391,0.33906
8087,8087,808.66,28.375,0.3375
8097,8097,809.66,28.375,0.3375
8107,8107,810.66,28.391,0.33906
8117,8117,811.66,28.375,0.3375
8127,8127,812.66,28.367,0.33672
8137,8137,813.66,28.359,0.33594
8147,8147,814.66,28.359,0.33594
8157,8157,815.66,28.359,0.33594
8167,8167,816.66,28.359,0.33594
8177,8177,817.66,28.359,0.33594
8187,8187,818.66,28.344,0.33437
8197,8197,819.66,28.336,0.33359
8207,8207,820.66,28.328,0.33281
8217,8217,821.66,28.32,0.33203
8227,8227,822.66,28.328,0.33281
8237,8237,823.66,28.312,0.33125
8247,8247,824.66,28.305,0.33047
8257,8257,825.66,28.305,0.33047
8267,8267,826.66,28.297,0.32969
8277,8277,827.66,28.297,0.32969
8287,8287,828.66,28.289,0.32891
8297,8297,829.66,28.289,0.32891
8307,8307,830.66,28.297,0.32969
8317,8317,831.66,28.289,0.32891
8327,8327,832.66,28.281,0.32812
8337,8337,833.66,28.266,0.32656
8347,8347,834.66,28.289,0.32891
8357,8357,835.66,28.266,0.32656
8367,8367,836.67,28.273,0.32734
8377,8377,837.67,28.266,0.32656
8387,8387,838.67,28.273,0.32734
8397,8397,839.67,28.266,0.32656
8407,8407,840.67,28.266,0.32656
8417,8417,841.67,28.258,0.32578
8427,8427,842.67,28.258,0.32578
8437,8437,843.67,28.242,0.32422
8447,8447,844.67,28.266,0.32656
8457,8457,845.67,28.266,0.32656
8467,8467,846.67,28.258,0.32578
8477,8477,847.67,28.258,0.32578
8487,8487,848.67,28.258,0.32578
8497,8497,849.67,28.258,0.32578
8507,8507,850.67,28.258,0.32578
8517,8517,851.67,28.266,0.32656
8527,8527,852.67,28.25,0.325
8537,8537,853.67,28.258,0.32578
8547,8547,854.67,28.273,0.32734
8557,8557,855.67,28.25,0.325
8567,8567,856.67,28.273,0.32734
8577,8577,857.67,28.25,0.325
8587,8587,858.67,28.273,0.32734
8597,8597,859.67,28.281,0.32812
8607,8607,860.67,28.273,0.32734
8617,8617,861.67,28.266,0.32656
8627,8627,862.67,28.281,0.32812
8637,8637,863.67,28.289,0.32891
8647,8647,864.67,28.289,0.32891
8657,8657,865.67,28.281,0.32812
8667,8667,866.67,28.297,0.32969
8677,8677,867.67,28.297,0.32969
8687,8687,868.67,28.312,0.33125
8697,8697,869.67,28.312,0.33125
8707,8707,870.67,28.312,0.33125
8717,8717,871.67,28.312,0.33125
8727,8727,872.67,28.32,0.33203
8737,8737,873.67,28.328,0.33281
8747,8747,874.67,28.328,0.33281
8757,8757,875.67,28.336,0.33359
8767,8767,876.67,28.344,0.33437
8777,8777,877.68,28.352,0.33516
8787,8787,878.68,28.352,0.33516
8797,8797,879.68,28.344,0.33437
8807,8807,880.68,28.344,0.33437
8817,8817,881.68,28.352,0.33516
8827,8827,882.68,28.367,0.33672
8837,8837,883.68,28.383,0.33828
8847,8847,884.68,28.391,0.33906
8857,8857,885.68,28.391,0.33906
8867,8867,886.68,28.383,0.33828
8877,8877,887.68,28.406,0.34063
8887,8887,888.68,28.398,0.33984
8897,8897,889.68,28.406,0.34063
8907,8907,890.68,28.414,0.34141
8917,8917,891.68,28.422,0.34219
8927,8927,892.68,28.43,0.34297
8937,8937,893.68,28.438,0.34375
8947,8947,894.68,28.453,0.34531
8957,8957,895.68,28.453,0.34531
8967,8967,896.68,28.469,0.34687
8977,8977,897.68,28.477,0.34766
8987,8987,898.68,28.477,0.34766
8997,8997,899.68,28.492,0.34922
9007,9007,900.68,28.492,0.34922
9017,9017,901.68,28.492,0.34922
9027,9027,902.68,28.492,0.34922
9037,9037,903.68,28.516,0.35156
9047,9047,904.68,28.531,0.35313
9057,9057,905.68,28.531,0.35313
9067,9067,906.68,28.555,0.35547
9077,9077,907.68,28.555,0.35547
9087,9087,908.68,28.562,0.35625
9097,9097,909.68,28.562,0.35625
9107,9107,910.68,28.57,0.35703
9117,9117,911.68,28.586,0.35859
9127,9127,912.68,28.594,0.35938
9137,9137,913.68,28.586,0.35859
9147,9147,914.68,28.594,0.35938
9157,9157,915.68,28.602,0.36016
9167,9167,916.68,28.602,0.36016
9177,9177,917.68,28.633,0.36328
9187,9187,918.69,28.617,0.36172
9197,9197,919.69,28.633,0.36328
9207,9207,920.69,28.625,0.3625
9217,9217,921.69,28.641,0.36406
9227,9227,922.69,28.656,0.36562
9237,9237,923.69,28.648,0.36484
9247,9247,924.69,28.672,0.36719
9257,9257,925.69,28.664,0.36641
9267,9267,926.69,28.664,0.36641
9277,9277,927.69,28.664,0.36641
9287,9287,928.69,28.688,0.36875
9297,9297,929.69,28.672,0.36719
9307,9307,930.69,28.688,0.36875
9317,9317,931.69,28.695,0.36953
9327,9327,932.69,28.711,0.37109
9337,9337,933.69,28.719,0.37188
9347,9347,934.69,28.703,0.37031
9357,9357,935.69,28.719,0.37188
9367,9367,936.69,28.727,0.37266
9377,9377,937.69,28.727,0.37266
9387,9387,938.69,28.734,0.37344
9397,9397,939.69,28.75,0.375
9407,9407,940.69,28.742,0.37422
9417,9417,941.69,28.742,0.37422
9427,9427,942.69,28.75,0.375
9437,9437,943.69,28.766,0.37656
9447,9447,944.69,28.773,0.37734
9457,9457,945.69,28.781,0.37812
9467,9467,946.69,28.781,0.37812
9477,9477,947.69,28.789,0.37891
9487,9487,948.69,28.797,0.37969
9497,9497,949.69,28.797,0.37969
9507,9507,950.69,28.812,0.38125
9517,9517,951.69,28.812,0.38125
9527,9527,952.69,28.812,0.38125
9537,9537,953.69,28.82,0.38203
9547,9547,954.69,28.82,0.38203
9557,9557,955.69,28.836,0.38359
9567,9567,956.69,28.844,0.38438
9577,9577,957.69,28.852,0.38516
9587,9587,958.69,28.844,0.38438
9597,9597,959.7,28.836,0.38359
9607,9607,960.7,28.852,0.38516
9617,9617,961.7,28.867,0.38672
9627,9627,962.7,28.852,0.38516
9637,9637,963.7,28.859,0.38594
9647,9647,964.7,28.859,0.38594
9657,9657,965.7,28.875,0.3875
9667,9667,966.7,28.883,0.38828
9677,9677,967.7,28.891,0.38906
9687,9687,968.7,28.883,0.38828
9697,9697,969.7,28.891,0.38906
9707,9707,970.7,28.914,0.39141
9717,9717,971.7,28.906,0.39062
9727,9727,972.7,28.898,0.38984
9737,9737,973.7,28.914,0.39141
9747,9747,974.7,28.922,0.39219
9757,9757,975.7,28.922,0.39219
9767,9767,976.7,28.914,0.39141
9777,9777,977.7,28.938,0.39375
9787,9787,978.7,28.93,0.39297
9797,9797,979.7,28.945,0.39453
9807,9807,980.7,28.953,0.39531
9817,9817,981.7,28.953,0.39531
9827,9827,982.7,28.969,0.39687
9837,9837,983.7,28.969,0.39687
9847,9847,984.7,28.992,0.39922
9857,9857,985.7,29,0.4
9867,9867,986.7,28.992,0.39922
9877,9877,987.7,29,0.4
9887,9887,988.7,29,0.4
9897,9897,989.7,29.016,0.40156
9907,9907,990.7,29.016,0.40156
9917,9917,991.7,29.016,0.40156
9927,9927,992.7,29.031,0.40313
9937,9937,993.7,29.023,0.40234
9947,9947,994.7,29.031,0.40313
9957,9957,995.7,29.047,0.40469
9967,9967,996.7,29.047,0.40469
9977,9977,997.7,29.031,0.40313
9987,9987,998.7,29.055,0.40547
9997,9997,999.7,29.055,0.40547
10007,10007,1000.7,29.047,0.40469
10017,10017,1001.7,29.07,0.40703
10027,10027,1002.7,29.062,0.40625
10037,10037,1003.7,29.07,0.40703
10047,10047,1004.7,29.086,0.40859
10057,10057,1005.7,29.062,0.40625
10067,10067,1006.7,29.078,0.40781
10077,10077,1007.7,29.086,0.40859
10087,10087,1008.7,29.102,0.41016
10097,10097,1009.7,29.094,0.40937
10107,10107,1010.7,29.109,0.41094
10117,10117,1011.7,29.117,0.41172
10127,10127,1012.7,29.125,0.4125
10137,10137,1013.7,29.125,0.4125
10147,10147,1014.7,29.148,0.41484
10157,10157,1015.7,29.148,0.41484
10167,10167,1016.7,29.141,0.41406
10177,10177,1017.7,29.172,0.41719
10187,10187,1018.7,29.148,0.41484
10197,10197,1019.7,29.164,0.41641
10207,10207,1020.7,29.172,0.41719
10217,10217,1021.7,29.18,0.41797
10227,10227,1022.7,29.18,0.41797
10237,10237,1023.7,29.18,0.41797
10247,10247,1024.7,29.203,0.42031
10257,10257,1025.7,29.195,0.41953
10267,10267,1026.7,29.219,0.42188
10277,10277,1027.7,29.219,0.42188
10287,10287,1028.7,29.227,0.42266
10297,10297,1029.7,29.219,0.42188
10307,10307,1030.7,29.234,0.42344
10317,10317,1031.7,29.242,0.42422
10327,10327,1032.7,29.227,0.42266
10337,10337,1033.7,29.25,0.425
10347,10347,1034.7,29.258,0.42578
10357,10357,1035.7,29.25,0.425
10367,10367,1036.7,29.266,0.42656
10377,10377,1037.7,29.258,0.42578
10387,10387,1038.7,29.266,0.42656
10397,10397,1039.7,29.281,0.42812
10407,10407,1040.7,29.281,0.42812
10417,10417,1041.7,29.289,0.42891
10427,10427,1042.7,29.312,0.43125
10437,10437,1043.7,29.32,0.43203
10447,10447,1044.7,29.32,0.43203
10457,10457,1045.7,29.328,0.43281
10467,10467,1046.7,29.344,0.43438
10477,10477,1047.7,29.344,0.43438
10487,10487,1048.7,29.344,0.43438
10497,10497,1049.7,29.359,0.43594
10507,10507,1050.7,29.359,0.43594
10517,10517,1051.7,29.375,0.4375
10527,10527,1052.7,29.391,0.43906
10537,10537,1053.7,29.391,0.43906
10547,10547,1054.7,29.398,0.43984
10557,10557,1055.7,29.422,0.44219
10567,10567,1056.7,29.414,0.44141
10577,10577,1057.7,29.445,0.44453
10587,10587,1058.7,29.438,0.44375
10597,10597,1059.7,29.438,0.44375
10607,10607,1060.7,29.453,0.44531
10617,10617,1061.7,29.438,0.44375
10627,10627,1062.7,29.469,0.44688
10637,10637,1063.7,29.477,0.44766
10647,10647,1064.7,29.484,0.44844
10657,10657,1065.7,29.484,0.44844
10667,10667,1066.7,29.5,0.45
10677,10677,1067.7,29.5,0.45
10687,10687,1068.7,29.516,0.45156
10697,10697,1069.7,29.516,0.45156
10707,10707,1070.7,29.531,0.45312
10717,10717,1071.7,29.539,0.45391
10727,10727,1072.7,29.555,0.45547
10737,10737,1073.7,29.57,0.45703
10747,10747,1074.7,29.57,0.45703
10757,10757,1075.7,29.586,0.45859
10767,10767,1076.7,29.594,0.45937
10777,10777,1077.7,29.594,0.45937
10787,10787,1078.7,29.609,0.46094
10797,10797,1079.7,29.617,0.46172
10807,10807,1080.7,29.648,0.46484
10817,10817,1081.7,29.633,0.46328
10827,10827,1082.7,29.648,0.46484
10837,10837,1083.7,29.68,0.46797
10847,10847,1084.7,29.68,0.46797
10857,10857,1085.7,29.68,0.46797
10867,10867,1086.7,29.688,0.46875
10877,10877,1087.7,29.719,0.47187
10887,10887,1088.7,29.711,0.47109
10897,10897,1089.7,29.734,0.47344
10907,10907,1090.7,29.734,0.47344
10917,10917,1091.7,29.742,0.47422
10927,10927,1092.7,29.75,0.475
10937,10937,1093.7,29.766,0.47656
10947,10947,1094.7,29.766,0.47656
10957,10957,1095.7,29.781,0.47813
10967,10967,1096.7,29.781,0.47813
10977,10977,1097.7,29.781,0.47813
10987,10987,1098.7,29.797,0.47969
10997,10997,1099.7,29.812,0.48125
11007,11007,1100.7,29.828,0.48281
11017,11017,1101.7,29.836,0.48359
11027,11027,1102.7,29.836,0.48359
11037,11037,1103.7,29.844,0.48438
11047,11047,1104.7,29.859,0.48594
11057,11057,1105.7,29.859,0.48594
11067,11067,1106.7,29.875,0.4875
11077,11077,1107.7,29.891,0.48906
11087,11087,1108.7,29.891,0.48906
11097,11097,1109.7,29.898,0.48984
11107,11107,1110.7,29.922,0.49219
11117,11117,1111.7,29.93,0.49297
11127,11127,1112.7,29.922,0.49219
11137,11137,1113.7,29.938,0.49375
11147,11147,1114.7,29.953,0.49531
11157,11157,1115.7,29.961,0.49609
11167,11167,1116.7,29.969,0.49688
11177,11177,1117.7,29.977,0.49766
11187,11187,1118.7,29.977,0.49766
11197,11197,1119.7,30,0.5
11207,11207,1120.7,29.992,0.49922
11217,11217,1121.7,30.016,0.50156
11227,11227,1122.7,30.008,0.50078
11237,11237,1123.7,30.016,0.50156
11247,11247,1124.7,30.039,0.50391
11257,11257,1125.7,30.023,0.50234
11267,11267,1126.7,30.031,0.50313
11277,11277,1127.7,30.039,0.50391
11287,11287,1128.7,30.055,0.50547
11297,11297,1129.7,30.055,0.50547
11307,11307,1130.7,30.062,0.50625
11317,11317,1131.7,30.047,0.50469
11327,11327,1132.7,30.047,0.50469
11337,11337,1133.7,30.078,0.50781
11347,11347,1134.7,30.07,0.50703
11357,11357,1135.7,30.07,0.50703
11367,11367,1136.7,30.078,0.50781
11377,11377,1137.7,30.086,0.50859
11387,11387,1138.7,30.094,0.50938
11397,11397,1139.7,30.109,0.51094
11407,11407,1140.7,30.109,0.51094
11417,11417,1141.7,30.109,0.51094
11427,11427,1142.7,30.125,0.5125
11437,11437,1143.7,30.125,0.5125
11447,11447,1144.7,30.141,0.51406
11457,11457,1145.7,30.141,0.51406
11467,11467,1146.7,30.164,0.51641
11477,11477,1147.7,30.148,0.51484
11487,11487,1148.7,30.18,0.51797
11497,11497,1149.7,30.172,0.51719
11507,11507,1150.7,30.188,0.51875
11517,11517,1151.7,30.188,0.51875
11527,11527,1152.7,30.203,0.52031
11537,11537,1153.7,30.203,0.52031
11547,11547,1154.7,30.219,0.52187
11557,11557,1155.7,30.219,0.52187
11567,11567,1156.7,30.242,0.52422
11577,11577,1157.7,30.234,0.52344
11587,11587,1158.7,30.25,0.525
11597,11597,1159.7,30.25,0.525
11607,11607,1160.7,30.266,0.52656
11617,11617,1161.7,30.258,0.52578
11627,11627,1162.7,30.273,0.52734
11637,11637,1163.7,30.297,0.52969
11647,11647,1164.7,30.297,0.52969
11657,11657,1165.7,30.281,0.52812
11667,11667,1166.7,30.305,0.53047
11677,11677,1167.7,30.305,0.53047
11687,11687,1168.7,30.297,0.52969
11697,11697,1169.7,30.297,0.52969
11707,11707,1170.7,30.305,0.53047
11717,11717,1171.7,30.312,0.53125
11727,11727,1172.7,30.312,0.53125
11737,11737,1173.7,30.312,0.53125
11747,11747,1174.7,30.328,0.53281
11757,11757,1175.7,30.328,0.53281
11767,11767,1176.7,30.344,0.53438
11777,11777,1177.7,30.344,0.53438
11787,11787,1178.7,30.344,0.53438
11797,11797,1179.7,30.352,0.53516
11807,11807,1180.7,30.359,0.53594
11817,11817,1181.7,30.352,0.53516
11827,11827,1182.7,30.352,0.53516
11837,11837,1183.7,30.367,0.53672
11848,11848,1184.8,30.375,0.5375
11858,11858,1185.8,30.375,0.5375
11868,11868,1186.8,30.375,0.5375
11878,11878,1187.8,30.375,0.5375
11888,11888,1188.8,30.375,0.5375
11898,11898,1189.8,30.375,0.5375
11908,11908,1190.8,30.391,0.53906
11918,11918,1191.8,30.398,0.53984
11928,11928,1192.8,30.375,0.5375
11938,11938,1193.8,30.391,0.53906
11948,11948,1194.8,30.422,0.54219
11958,11958,1195.8,30.414,0.54141
11968,11968,1196.8,30.414,0.54141
11978,11978,1197.8,30.406,0.54063
11988,11988,1198.8,30.414,0.54141
11998,11998,1199.8,30.43,0.54297
12008,12008,1200.8,30.422,0.54219
12018,12018,1201.8,30.422,0.54219
12028,12028,1202.8,30.445,0.54453
12038,12038,1203.8,30.445,0.54453
12048,12048,1204.8,30.438,0.54375
12058,12058,1205.8,30.438,0.54375
12068,12068,1206.8,30.438,0.54375
12078,12078,1207.8,30.438,0.54375
12088,12088,1208.8,30.445,0.54453
12098,12098,1209.8,30.453,0.54531
12108,12108,1210.8,30.445,0.54453
12118,12118,1211.8,30.438,0.54375
12128,12128,1212.8,30.445,0.54453
12138,12138,1213.8,30.438,0.54375
12148,12148,1214.8,30.453,0.54531
12158,12158,1215.8,30.453,0.54531
12168,12168,1216.8,30.438,0.54375
12178,12178,1217.8,30.453,0.54531
12188,12188,1218.8,30.469,0.54688
12198,12198,1219.8,30.453,0.54531
12208,12208,1220.8,30.453,0.54531
12218,12218,1221.8,30.453,0.54531
12228,12228,1222.8,30.445,0.54453
12238,12238,1223.8,30.461,0.54609
12248,12248,1224.8,30.453,0.54531
12258,12258,1225.8,30.445,0.54453
12268,12268,1226.8,30.453,0.54531
12278,12278,1227.8,30.453,0.54531
12288,12288,1228.8,30.453,0.54531
12298,12298,1229.8,30.453,0.54531
12308,12308,1230.8,30.438,0.54375
12318,12318,1231.8,30.453,0.54531
12328,12328,1232.8,30.453,0.54531
12338,12338,1233.8,30.461,0.54609
12348,12348,1234.8,30.453,0.54531
12358,12358,1235.8,30.469,0.54688
12368,12368,1236.8,30.469,0.54688
12378,12378,1237.8,30.484,0.54844
12388,12388,1238.8,30.477,0.54766
12398,12398,1239.8,30.477,0.54766
12408,12408,1240.8,30.492,0.54922
12418,12418,1241.8,30.492,0.54922
12428,12428,1242.8,30.492,0.54922
12438,12438,1243.8,30.508,0.55078
12448,12448,1244.8,30.508,0.55078
12458,12458,1245.8,30.523,0.55234
12468,12468,1246.8,30.523,0.55234
12478,12478,1247.8,30.516,0.55156
12488,12488,1248.8,30.531,0.55312
12498,12498,1249.8,30.531,0.55312
12508,12508,1250.8,30.531,0.55312
12518,12518,1251.8,30.555,0.55547
12528,12528,1252.8,30.547,0.55469
12538,12538,1253.8,30.562,0.55625
12548,12548,1254.8,30.562,0.55625
12558,12558,1255.8,30.562,0.55625
12568,12568,1256.8,30.578,0.55781
12578,12578,1257.8,30.57,0.55703
12588,12588,1258.8,30.586,0.55859
12598,12598,1259.8,30.586,0.55859
12608,12608,1260.8,30.586,0.55859
12618,12618,1261.8,30.602,0.56016
12628,12628,1262.8,30.586,0.55859
12638,12638,1263.8,30.602,0.56016
12648,12648,1264.8,30.602,0.56016
12658,12658,1265.8,30.609,0.56094
12668,12668,1266.8,30.609,0.56094
12678,12678,1267.8,30.586,0.55859
12688,12688,1268.8,30.602,0.56016
12698,12698,1269.8,30.617,0.56172
12708,12708,1270.8,30.617,0.56172
12718,12718,1271.8,30.617,0.56172
12728,12728,1272.8,30.617,0.56172
12738,12738,1273.8,30.625,0.5625
12748,12748,1274.8,30.609,0.56094
12758,12758,1275.8,30.617,0.56172
12768,12768,1276.8,30.625,0.5625
12778,12778,1277.8,30.633,0.56328
12788,12788,1278.8,30.625,0.5625
12798,12798,1279.8,30.625,0.5625
12808,12808,1280.8,30.633,0.56328
12818,12818,1281.8,30.625,0.5625
12828,12828,1282.8,30.625,0.5625
12838,12838,1283.8,30.625,0.5625
12848,12848,1284.8,30.641,0.56406
12858,12858,1285.8,30.641,0.56406
12868,12868,1286.8,30.641,0.56406
12878,12878,1287.8,30.656,0.56563
12888,12888,1288.8,30.672,0.56719
12898,12898,1289.8,30.648,0.56484
12908,12908,1290.8,30.664,0.56641
12918,12918,1291.8,30.672,0.56719
12928,12928,1292.8,30.672,0.56719
12938,12938,1293.8,30.68,0.56797
12948,12948,1294.8,30.68,0.56797
12958,12958,1295.8,30.68,0.56797
12968,12968,1296.8,30.688,0.56875
12978,12978,1297.8,30.695,0.56953
12988,12988,1298.8,30.695,0.56953
12998,12998,1299.8,30.695,0.56953
13008,13008,1300.8,30.695,0.56953
13018,13018,1301.8,30.703,0.57031
13028,13028,1302.8,30.703,0.57031
13038,13038,1303.8,30.695,0.56953
13048,13048,1304.8,30.703,0.57031
13058,13058,1305.8,30.711,0.57109
13068,13068,1306.8,30.711,0.57109
13078,13078,1307.8,30.703,0.57031
13088,13088,1308.8,30.711,0.57109
13098,13098,1309.8,30.719,0.57188
13108,13108,1310.8,30.711,0.57109
13118,13118,1311.8,30.727,0.57266
13128,13128,1312.8,30.719,0.57188
13138,13138,1313.8,30.719,0.57188
13148,13148,1314.8,30.703,0.57031
13158,13158,1315.8,30.703,0.57031
13168,13168,1316.8,30.703,0.57031
13178,13178,1317.8,30.719,0.57188
13188,13188,1318.8,30.727,0.57266
13198,13198,1319.8,30.727,0.57266
13208,13208,1320.8,30.727,0.57266
13218,13218,1321.8,30.727,0.57266
13228,13228,1322.8,30.719,0.57188
13238,13238,1323.8,30.734,0.57344
13248,13248,1324.8,30.734,0.57344
13258,13258,1325.8,30.727,0.57266
13268,13268,1326.8,30.734,0.57344
13278,13278,1327.8,30.734,0.57344
13288,13288,1328.8,30.75,0.575
13298,13298,1329.8,30.727,0.57266
13308,13308,1330.8,30.742,0.57422
13318,13318,1331.8,30.734,0.57344
13328,13328,1332.8,30.742,0.57422
13338,13338,1333.8,30.727,0.57266
13348,13348,1334.8,30.734,0.57344
13358,13358,1335.8,30.734,0.57344
13368,13368,1336.8,30.734,0.57344
13378,13378,1337.8,30.742,0.57422
13388,13388,1338.8,30.75,0.575
13398,13398,1339.8,30.734,0.57344
13408,13408,1340.8,30.758,0.57578
13418,13418,1341.8,30.742,0.57422
13428,13428,1342.8,30.742,0.57422
13438,13438,1343.8,30.742,0.57422
13448,13448,1344.8,30.75,0.575
13458,13458,1345.8,30.75,0.575
13468,13468,1346.8,30.75,0.575
13478,13478,1347.8,30.75,0.575
13488,13488,1348.8,30.758,0.57578
13498,13498,1349.8,30.766,0.57656
13508,13508,1350.8,30.766,0.57656
13518,13518,1351.8,30.766,0.57656
13528,13528,1352.8,30.766,0.57656
13538,13538,1353.8,30.766,0.57656
13548,13548,1354.8,30.758,0.57578
13558,13558,1355.8,30.773,0.57734
13568,13568,1356.8,30.766,0.57656
13578,13578,1357.8,30.781,0.57812
13588,13588,1358.8,30.781,0.57812
13598,13598,1359.8,30.773,0.57734
13608,13608,1360.8,30.781,0.57812
13618,13618,1361.8,30.766,0.57656
13628,13628,1362.8,30.781,0.57812
13638,13638,1363.8,30.781,0.57812
13648,13648,1364.8,30.781,0.57812
13658,13658,1365.8,30.789,0.57891
13668,13668,1366.8,30.781,0.57812
13678,13678,1367.8,30.781,0.57812
13688,13688,1368.8,30.781,0.57812
13698,13698,1369.8,30.781,0.57812
13708,13708,1370.8,30.773,0.57734
13718,13718,1371.8,30.789,0.57891
13728,13728,1372.8,30.781,0.57812
13738,13738,1373.8,30.75,0.575
13748,13748,1374.8,30.766,0.57656
13758,13758,1375.8,30.758,0.57578
13768,13768,1376.8,30.766,0.57656
13778,13778,1377.8,30.758,0.57578
13788,13788,1378.8,30.75,0.575
13798,13798,1379.8,30.734,0.57344
13808,13808,1380.8,30.742,0.57422
13818,13818,1381.8,30.734,0.57344
13828,13828,1382.8,30.742,0.57422
13838,13838,1383.8,30.742,0.57422
13848,13848,1384.8,30.742,0.57422
13858,13858,1385.8,30.742,0.57422
13868,13868,1386.8,30.742,0.57422
13878,13878,1387.8,30.742,0.57422
13888,13888,1388.8,30.734,0.57344
13898,13898,1389.8,30.734,0.57344
13908,13908,1390.8,30.734,0.57344
13918,13918,1391.8,30.734,0.57344
13928,13928,1392.8,30.742,0.57422
13938,13938,1393.8,30.75,0.575
13948,13948,1394.8,30.75,0.575
13958,13958,1395.8,30.727,0.57266
13968,13968,1396.8,30.773,0.57734
13978,13978,1397.8,30.758,0.57578
13988,13988,1398.8,30.758,0.57578
13998,13998,1399.8,30.773,0.57734
14008,14008,1400.8,30.773,0.57734
14018,14018,1401.8,30.781,0.57812
14028,14028,1402.8,30.781,0.57812
14038,14038,1403.8,30.781,0.57812
14048,14048,1404.8,30.805,0.58047
14058,14058,1405.8,30.789,0.57891
14068,14068,1406.8,30.797,0.57969
14078,14078,1407.8,30.805,0.58047
14088,14088,1408.8,30.812,0.58125
14098,14098,1409.8,30.82,0.58203
14108,14108,1410.8,30.836,0.58359
14118,14118,1411.8,30.836,0.58359
14128,14128,1412.8,30.836,0.58359
14138,14138,1413.8,30.852,0.58516
14148,14148,1414.8,30.852,0.58516
14158,14158,1415.8,30.859,0.58594
14168,14168,1416.8,30.852,0.58516
14178,14178,1417.8,30.867,0.58672
14188,14188,1418.8,30.867,0.58672
14198,14198,1419.8,30.852,0.58516
14208,14208,1420.8,30.875,0.5875
14218,14218,1421.8,30.867,0.58672
14228,14228,1422.8,30.875,0.5875
14238,14238,1423.8,30.875,0.5875
14248,14248,1424.8,30.891,0.58906
14258,14258,1425.8,30.875,0.5875
14268,14268,1426.8,30.875,0.5875
14278,14278,1427.8,30.875,0.5875
14288,14288,1428.8,30.883,0.58828
14298,14298,1429.8,30.883,0.58828
14308,14308,1430.8,30.883,0.58828
14318,14318,1431.8,30.906,0.59062
14328,14328,1432.8,30.914,0.59141
14338,14338,1433.8,30.898,0.58984
14348,14348,1434.8,30.891,0.58906
14358,14358,1435.8,30.906,0.59062
14368,14368,1436.8,30.914,0.59141
14378,14378,1437.8,30.906,0.59062
14388,14388,1438.8,30.93,0.59297
14398,14398,1439.8,30.922,0.59219
14408,14408,1440.8,30.914,0.59141
14418,14418,1441.8,30.93,0.59297
14428,14428,1442.8,30.922,0.59219
14438,14438,1443.8,30.93,0.59297
14448,14448,1444.8,30.93,0.59297
14458,14458,1445.8,30.922,0.59219
14468,14468,1446.8,30.922,0.59219
14478,14478,1447.8,30.922,0.59219
14488,14488,1448.8,30.922,0.59219
14498,14498,1449.8,30.922,0.59219
14508,14508,1450.8,30.922,0.59219
14518,14518,1451.8,30.922,0.59219
14528,14528,1452.8,30.914,0.59141
14538,14538,1453.8,30.914,0.59141
14548,14548,1454.8,30.914,0.59141
14558,14558,1455.8,30.914,0.59141
14568,14568,1456.8,30.906,0.59062
14578,14578,1457.8,30.914,0.59141
14588,14588,1458.8,30.898,0.58984
14598,14598,1459.8,30.906,0.59062
14608,14608,1460.8,30.906,0.59062
14618,14618,1461.8,30.914,0.59141
14628,14628,1462.8,30.898,0.58984
14638,14638,1463.8,30.898,0.58984
14648,14648,1464.8,30.898,0.58984
14658,14658,1465.8,30.891,0.58906
14668,14668,1466.8,30.891,0.58906
14678,14678,1467.8,30.891,0.58906
14688,14688,1468.8,30.898,0.58984
14698,14698,1469.8,30.898,0.58984
14708,14708,1470.8,30.883,0.58828
14718,14718,1471.8,30.914,0.59141
14728,14728,1472.8,30.914,0.59141
14738,14738,1473.8,30.922,0.59219
14748,14748,1474.8,30.938,0.59375
14758,14758,1475.8,30.938,0.59375
14768,14768,1476.8,30.922,0.59219
14778,14778,1477.8,30.953,0.59531
14788,14788,1478.8,30.938,0.59375
14798,14798,1479.8,30.938,0.59375
14808,14808,1480.8,30.953,0.59531
14818,14818,1481.8,30.961,0.59609
14828,14828,1482.8,30.961,0.59609
14838,14838,1483.8,30.969,0.59688
14848,14848,1484.8,30.961,0.59609
14858,14858,1485.8,30.953,0.59531
14868,14868,1486.8,30.969,0.59688
14878,14878,1487.8,30.961,0.59609
14888,14888,1488.8,30.961,0.59609
14898,14898,1489.8,30.969,0.59688
14908,14908,1490.8,30.961,0.59609
14918,14918,1491.8,30.969,0.59688
14928,14928,1492.8,30.961,0.59609
14938,14938,1493.8,30.969,0.59688
14948,14948,1494.8,30.977,0.59766
14958,14958,1495.8,30.969,0.59688
14968,14968,1496.8,30.969,0.59688
14978,14978,1497.8,30.953,0.59531
14988,14988,1498.8,30.977,0.59766
14998,14998,1499.8,30.977,0.59766
15008,15008,1500.8,30.961,0.59609
15018,15018,1501.8,30.969,0.59688
15028,15028,1502.8,30.977,0.59766
15038,15038,1503.8,30.969,0.59688
15048,15048,1504.8,30.977,0.59766
15058,15058,1505.8,30.984,0.59844
15068,15068,1506.8,30.992,0.59922
15078,15078,1507.8,30.992,0.59922
15088,15088,1508.8,30.977,0.59766
15098,15098,1509.8,30.984,0.59844
15108,15108,1510.8,30.984,0.59844
15118,15118,1511.8,30.984,0.59844
15128,15128,1512.8,30.984,0.59844
15138,15138,1513.8,30.992,0.59922
15148,15148,1514.8,30.992,0.59922
15158,15158,1515.8,31.008,0.60078
15168,15168,1516.8,30.992,0.59922
15178,15178,1517.8,31,0.6
15188,15188,1518.8,30.992,0.59922
15198,15198,1519.8,30.992,0.59922
15208,15208,1520.8,30.984,0.59844
15218,15218,1521.8,30.992,0.59922
15228,15228,1522.8,30.977,0.59766
15238,15238,1523.8,30.977,0.59766
15248,15248,1524.8,30.977,0.59766
15258,15258,1525.8,30.984,0.59844
15268,15268,1526.8,30.977,0.59766
15278,15278,1527.8,30.977,0.59766
15288,15288,1528.8,30.969,0.59688
15298,15298,1529.8,30.969,0.59688
15308,15308,1530.8,30.969,0.59688
15318,15318,1531.8,30.969,0.59688
15328,15328,1532.8,30.961,0.59609
15338,15338,1533.8,30.977,0.59766
15348,15348,1534.8,30.977,0.59766
15358,15358,1535.8,30.969,0.59688
15368,15368,1536.8,30.969,0.59688
15378,15378,1537.8,30.969,0.59688
15388,15388,1538.8,30.961,0.59609
15398,15398,1539.8,30.961,0.59609
15408,15408,1540.8,30.977,0.59766
15418,15418,1541.8,30.969,0.59688
15428,15428,1542.8,30.977,0.59766
15438,15438,1543.8,30.984,0.59844
15448,15448,1544.8,30.984,0.59844
15458,15458,1545.8,30.992,0.59922
15468,15468,1546.8,30.977,0.59766
15478,15478,1547.8,30.977,0.59766
15488,15488,1548.8,30.977,0.59766
15498,15498,1549.8,30.992,0.59922
15508,15508,1550.8,30.992,0.59922
15518,15518,1551.8,30.992,0.59922
15528,15528,1552.8,30.977,0.59766
15538,15538,1553.8,30.969,0.59688
15548,15548,1554.8,30.984,0.59844
15558,15558,1555.8,30.984,0.59844
15568,15568,1556.8,30.992,0.59922
15578,15578,1557.8,30.969,0.59688
15588,15588,1558.8,30.984,0.59844
15598,15598,1559.8,30.977,0.59766
15608,15608,1560.8,30.977,0.59766
15618,15618,1561.8,30.969,0.59688
15628,15628,1562.8,30.969,0.59688
15638,15638,1563.8,30.984,0.59844
15648,15648,1564.8,30.969,0.59688
15658,15658,1565.8,30.961,0.59609
15668,15668,1566.8,30.969,0.59688
15678,15678,1567.8,30.984,0.59844
15688,15688,1568.8,30.969,0.59688
15698,15698,1569.8,30.953,0.59531
15708,15708,1570.8,30.969,0.59688
15718,15718,1571.8,30.969,0.59688
15728,15728,1572.8,30.961,0.59609
15738,15738,1573.8,30.961,0.59609
15748,15748,1574.8,30.961,0.59609
15758,15758,1575.8,30.969,0.59688
15768,15768,1576.8,30.953,0.59531
15778,15778,1577.8,30.984,0.59844
15788,15788,1578.8,30.969,0.59688
15798,15798,1579.8,30.977,0.59766
15808,15808,1580.8,30.977,0.59766
15818,15818,1581.8,30.961,0.59609
15828,15828,1582.8,30.961,0.59609
15838,15838,1583.8,30.961,0.59609
15848,15848,1584.8,30.969,0.59688
15858,15858,1585.8,30.961,0.59609
15868,15868,1586.8,30.953,0.59531
15878,15878,1587.8,30.953,0.59531
15888,15888,1588.8,30.953,0.59531
15898,15898,1589.8,30.969,0.59688
15908,15908,1590.8,30.953,0.59531
15918,15918,1591.8,30.961,0.59609
15928,15928,1592.8,30.953,0.59531
15939,15939,1593.9,30.953,0.59531
15949,15949,1594.9,30.961,0.59609
15959,15959,1595.9,30.977,0.59766
15969,15969,1596.9,30.953,0.59531
15979,15979,1597.9,30.969,0.59688
15989,15989,1598.9,30.977,0.59766
15999,15999,1599.9,30.969,0.59688
16009,16009,1600.9,30.984,0.59844
16019,16019,1601.9,30.977,0.59766
16029,16029,1602.9,30.969,0.59688
16039,16039,1603.9,30.977,0.59766
16049,16049,1604.9,30.977,0.59766
16059,16059,1605.9,30.977,0.59766
16069,16069,1606.9,30.992,0.59922
16079,16079,1607.9,30.977,0.59766
16089,16089,1608.9,30.977,0.59766
16099,16099,1609.9,30.977,0.59766
16109,16109,1610.9,30.977,0.59766
16119,16119,1611.9,30.992,0.59922
16129,16129,1612.9,30.992,0.59922
16139,16139,1613.9,30.992,0.59922
16149,16149,1614.9,31,0.6
16159,16159,1615.9,30.977,0.59766
16169,16169,1616.9,30.984,0.59844
16179,16179,1617.9,30.984,0.59844
16189,16189,1618.9,30.992,0.59922
16199,16199,1619.9,30.992,0.59922
16209,16209,1620.9,30.992,0.59922
16219,16219,1621.9,30.992,0.59922
16229,16229,1622.9,30.992,0.59922
16239,16239,1623.9,31.008,0.60078
16249,16249,1624.9,30.992,0.59922
16259,16259,1625.9,30.984,0.59844
16269,16269,1626.9,30.977,0.59766
16279,16279,1627.9,30.984,0.59844
16289,16289,1628.9,30.992,0.59922
16299,16299,1629.9,30.992,0.59922
16309,16309,1630.9,30.992,0.59922
16319,16319,1631.9,31.008,0.60078
16329,16329,1632.9,30.992,0.59922
16339,16339,1633.9,30.992,0.59922
16349,16349,1634.9,30.969,0.59688
16359,16359,1635.9,30.992,0.59922
16369,16369,1636.9,30.969,0.59688
16379,16379,1637.9,30.984,0.59844
16389,16389,1638.9,30.961,0.59609
16399,16399,1639.9,30.961,0.59609
16409,16409,1640.9,30.961,0.59609
16419,16419,1641.9,30.961,0.59609
16429,16429,1642.9,30.953,0.59531
16439,16439,1643.9,30.961,0.59609
16449,16449,1644.9,30.953,0.59531
16459,16459,1645.9,30.945,0.59453
16469,16469,1646.9,30.922,0.59219
16479,16479,1647.9,30.922,0.59219
16489,16489,1648.9,30.938,0.59375
16499,16499,1649.9,30.945,0.59453
16509,16509,1650.9,30.93,0.59297
16519,16519,1651.9,30.938,0.59375
16529,16529,1652.9,30.945,0.59453
16539,16539,1653.9,30.938,0.59375
16549,16549,1654.9,30.953,0.59531
16559,16559,1655.9,30.938,0.59375
16569,16569,1656.9,30.938,0.59375
16579,16579,1657.9,30.938,0.59375
16589,16589,1658.9,30.938,0.59375
16599,16599,1659.9,30.938,0.59375
16609,16609,1660.9,30.945,0.59453
16619,16619,1661.9,30.945,0.59453
16629,16629,1662.9,30.945,0.59453
16639,16639,1663.9,30.953,0.59531
16649,16649,1664.9,30.961,0.59609
16659,16659,1665.9,30.953,0.59531
16669,16669,1666.9,30.961,0.59609
16679,16679,1667.9,30.977,0.59766
16689,16689,1668.9,30.969,0.59688
16699,16699,1669.9,30.984,0.59844
16709,16709,1670.9,30.984,0.59844
16719,16719,1671.9,30.977,0.59766
16729,16729,1672.9,30.992,0.59922
16739,16739,1673.9,30.992,0.59922
16749,16749,1674.9,31,0.6
16759,16759,1675.9,30.992,0.59922
16769,16769,1676.9,31,0.6
16779,16779,1677.9,31.008,0.60078
16789,16789,1678.9,31.016,0.60156
16799,16799,1679.9,31.008,0.60078
16809,16809,1680.9,31.008,0.60078
16819,16819,1681.9,31,0.6
16829,16829,1682.9,31.008,0.60078
16839,16839,1683.9,31.008,0.60078
16849,16849,1684.9,31.008,0.60078
16859,16859,1685.9,31.008,0.60078
16869,16869,1686.9,31.008,0.60078
16879,16879,1687.9,31.016,0.60156
16889,16889,1688.9,31.008,0.60078
16899,16899,1689.9,31.008,0.60078
16909,16909,1690.9,31.023,0.60234
16919,16919,1691.9,31.016,0.60156
16929,16929,1692.9,31.031,0.60313
16939,16939,1693.9,31.023,0.60234
16949,16949,1694.9,31.031,0.60313
16959,16959,1695.9,31.023,0.60234
16969,16969,1696.9,31.023,0.60234
16979,16979,1697.9,31.023,0.60234
16989,16989,1698.9,31.023,0.60234
16999,16999,1699.9,31.031,0.60313
17009,17009,1700.9,31.039,0.60391
17019,17019,1701.9,31.031,0.60313
17029,17029,1702.9,31.031,0.60313
17039,17039,1703.9,31.031,0.60313
17049,17049,1704.9,31.031,0.60313
17059,17059,1705.9,31.023,0.60234
17069,17069,1706.9,31.039,0.60391
17079,17079,1707.9,31.031,0.60313
17089,17089,1708.9,31.031,0.60313
17099,17099,1709.9,31.039,0.60391
17109,17109,1710.9,31.023,0.60234
17119,17119,1711.9,31.047,0.60469
17129,17129,1712.9,31.039,0.60391
17139,17139,1713.9,31.023,0.60234
17149,17149,1714.9,31.031,0.60313
17159,17159,1715.9,31.023,0.60234
17169,17169,1716.9,31.039,0.60391
17179,17179,1717.9,31.055,0.60547
17189,17189,1718.9,31.039,0.60391
17199,17199,1719.9,31.047,0.60469
17209,17209,1720.9,31.047,0.60469
17219,17219,1721.9,31.047,0.60469
17229,17229,1722.9,31.055,0.60547
17239,17239,1723.9,31.047,0.60469
17249,17249,1724.9,31.047,0.60469
17259,17259,1725.9,31.055,0.60547
17269,17269,1726.9,31.047,0.60469
17279,17279,1727.9,31.062,0.60625
17289,17289,1728.9,31.055,0.60547
17299,17299,1729.9,31.062,0.60625
17309,17309,1730.9,31.055,0.60547
17319,17319,1731.9,31.062,0.60625
17329,17329,1732.9,31.062,0.60625
17339,17339,1733.9,31.07,0.60703
17349,17349,1734.9,31.07,0.60703
17359,17359,1735.9,31.086,0.60859
17369,17369,1736.9,31.07,0.60703
17379,17379,1737.9,31.086,0.60859
17389,17389,1738.9,31.086,0.60859
17399,17399,1739.9,31.094,0.60938
17409,17409,1740.9,31.094,0.60938
17419,17419,1741.9,31.102,0.61016
17429,17429,1742.9,31.102,0.61016
17439,17439,1743.9,31.086,0.60859
17449,17449,1744.9,31.094,0.60938
17459,17459,1745.9,31.109,0.61094
17469,17469,1746.9,31.109,0.61094
17479,17479,1747.9,31.109,0.61094
17489,17489,1748.9,31.109,0.61094
17499,17499,1749.9,31.125,0.6125
17509,17509,1750.9,31.125,0.6125
17519,17519,1751.9,31.117,0.61172
17529,17529,1752.9,31.109,0.61094
17539,17539,1753.9,31.125,0.6125
17549,17549,1754.9,31.141,0.61406
17559,17559,1755.9,31.141,0.61406
17569,17569,1756.9,31.117,0.61172
17579,17579,1757.9,31.133,0.61328
17589,17589,1758.9,31.133,0.61328
17599,17599,1759.9,31.141,0.61406
17609,17609,1760.9,31.148,0.61484
17619,17619,1761.9,31.133,0.61328
17629,17629,1762.9,31.141,0.61406
17639,17639,1763.9,31.133,0.61328
17649,17649,1764.9,31.141,0.61406
17659,17659,1765.9,31.133,0.61328
17669,17669,1766.9,31.141,0.61406
17679,17679,1767.9,31.156,0.61562
17689,17689,1768.9,31.156,0.61562
17699,17699,1769.9,31.141,0.61406
17709,17709,1770.9,31.148,0.61484
17719,17719,1771.9,31.164,0.61641
17729,17729,1772.9,31.164,0.61641
17739,17739,1773.9,31.156,0.61562
17749,17749,1774.9,31.141,0.61406
17759,17759,1775.9,31.156,0.61562
17769,17769,1776.9,31.156,0.61562
17779,17779,1777.9,31.148,0.61484
17789,17789,1778.9,31.148,0.61484
17799,17799,1779.9,31.148,0.61484
17809,17809,1780.9,31.164,0.61641
17819,17819,1781.9,31.148,0.61484
17829,17829,1782.9,31.156,0.61562
17839,17839,1783.9,31.148,0.61484
17849,17849,1784.9,31.164,0.61641
17859,17859,1785.9,31.164,0.61641
17869,17869,1786.9,31.164,0.61641
17879,17879,1787.9,31.164,0.61641
17889,17889,1788.9,31.148,0.61484
17899,17899,1789.9,31.148,0.61484
17909,17909,1790.9,31.148,0.61484
17919,17919,1791.9,31.148,0.61484
17929,17929,1792.9,31.156,0.61562
17939,17939,1793.9,31.164,0.61641
17949,17949,1794.9,31.164,0.61641
17959,17959,1795.9,31.164,0.61641
17969,17969,1796.9,31.164,0.61641
17979,17979,1797.9,31.164,0.61641
17989,17989,1798.9,31.164,0.61641
17999,17999,1799.9,31.172,0.61719
18009,18009,1800.9,31.188,0.61875
18019,18019,1801.9,31.18,0.61797
18029,18029,1802.9,31.188,0.61875
18039,18039,1803.9,31.188,0.61875
18049,18049,1804.9,31.188,0.61875
18059,18059,1805.9,31.195,0.61953
18069,18069,1806.9,31.203,0.62031
18079,18079,1807.9,31.203,0.62031
18089,18089,1808.9,31.203,0.62031
18099,18099,1809.9,31.195,0.61953
18109,18109,1810.9,31.211,0.62109
18119,18119,1811.9,31.211,0.62109
18129,18129,1812.9,31.203,0.62031
18139,18139,1813.9,31.227,0.62266
18149,18149,1814.9,31.219,0.62187
18159,18159,1815.9,31.211,0.62109
18169,18169,1816.9,31.203,0.62031
18179,18179,1817.9,31.211,0.62109
18189,18189,1818.9,31.195,0.61953
18199,18199,1819.9,31.219,0.62187
18209,18209,1820.9,31.219,0.62187
18219,18219,1821.9,31.219,0.62187
18229,18229,1822.9,31.211,0.62109
18239,18239,1823.9,31.227,0.62266
18249,18249,1824.9,31.227,0.62266
18259,18259,1825.9,31.242,0.62422
18269,18269,1826.9,31.219,0.62187
18279,18279,1827.9,31.234,0.62344
18289,18289,1828.9,31.242,0.62422
18299,18299,1829.9,31.227,0.62266
18309,18309,1830.9,31.234,0.62344
18319,18319,1831.9,31.25,0.625
18329,18329,1832.9,31.25,0.625
18339,18339,1833.9,31.242,0.62422
18349,18349,1834.9,31.234,0.62344
18359,18359,1835.9,31.25,0.625
18369,18369,1836.9,31.258,0.62578
18379,18379,1837.9,31.25,0.625
18389,18389,1838.9,31.25,0.625
18399,18399,1839.9,31.25,0.625
18409,18409,1840.9,31.266,0.62656
18419,18419,1841.9,31.266,0.62656
18429,18429,1842.9,31.258,0.62578
18439,18439,1843.9,31.25,0.625
18449,18449,1844.9,31.273,0.62734
18459,18459,1845.9,31.273,0.62734
18469,18469,1846.9,31.281,0.62813
18479,18479,1847.9,31.273,0.62734
18489,18489,1848.9,31.266,0.62656
18499,18499,1849.9,31.273,0.62734
18509,18509,1850.9,31.258,0.62578
18519,18519,1851.9,31.25,0.625
18529,18529,1852.9,31.258,0.62578
18539,18539,1853.9,31.281,0.62813
18549,18549,1854.9,31.25,0.625
18559,18559,1855.9,31.25,0.625
18569,18569,1856.9,31.266,0.62656
18579,18579,1857.9,31.242,0.62422
18589,18589,1858.9,31.258,0.62578
18599,18599,1859.9,31.25,0.625
18609,18609,1860.9,31.266,0.62656
18619,18619,1861.9,31.258,0.62578
18629,18629,1862.9,31.266,0.62656
18639,18639,1863.9,31.266,0.62656
18649,18649,1864.9,31.266,0.62656
18659,18659,1865.9,31.281,0.62813
18669,18669,1866.9,31.281,0.62813
18679,18679,1867.9,31.289,0.62891
18689,18689,1868.9,31.297,0.62969
18699,18699,1869.9,31.297,0.62969
18709,18709,1870.9,31.281,0.62813
18719,18719,1871.9,31.281,0.62813
18729,18729,1872.9,31.289,0.62891
18739,18739,1873.9,31.281,0.62813
18749,18749,1874.9,31.289,0.62891
18759,18759,1875.9,31.281,0.62813
18769,18769,1876.9,31.289,0.62891
18779,18779,1877.9,31.297,0.62969
18789,18789,1878.9,31.273,0.62734
18799,18799,1879.9,31.297,0.62969
18809,18809,1880.9,31.289,0.62891
18819,18819,1881.9,31.289,0.62891
18829,18829,1882.9,31.297,0.62969
18839,18839,1883.9,31.297,0.62969
18849,18849,1884.9,31.312,0.63125
18859,18859,1885.9,31.297,0.62969
18869,18869,1886.9,31.297,0.62969
18879,18879,1887.9,31.297,0.62969
18889,18889,1888.9,31.305,0.63047
18899,18899,1889.9,31.289,0.62891
18909,18909,1890.9,31.297,0.62969
18919,18919,1891.9,31.305,0.63047
18929,18929,1892.9,31.305,0.63047
18939,18939,1893.9,31.297,0.62969
18949,18949,1894.9,31.305,0.63047
18959,18959,1895.9,31.312,0.63125
18969,18969,1896.9,31.32,0.63203
18979,18979,1897.9,31.312,0.63125
18989,18989,1898.9,31.312,0.63125
18999,18999,1899.9,31.32,0.63203
19009,19009,1900.9,31.328,0.63281
19019,19019,1901.9,31.336,0.63359
19029,19029,1902.9,31.32,0.63203
19039,19039,1903.9,31.336,0.63359
19049,19049,1904.9,31.328,0.63281
19059,19059,1905.9,31.344,0.63438
19069,19069,1906.9,31.344,0.63438
19079,19079,1907.9,31.344,0.63438
19089,19089,1908.9,31.336,0.63359
19099,19099,1909.9,31.352,0.63516
19109,19109,1910.9,31.336,0.63359
19119,19119,1911.9,31.32,0.63203
19129,19129,1912.9,31.336,0.63359
19139,19139,1913.9,31.352,0.63516
19149,19149,1914.9,31.359,0.63594
19159,19159,1915.9,31.359,0.63594
19169,19169,1916.9,31.375,0.6375
19179,19179,1917.9,31.367,0.63672
19189,19189,1918.9,31.359,0.63594
19199,19199,1919.9,31.367,0.63672
19209,19209,1920.9,31.359,0.63594
19219,19219,1921.9,31.359,0.63594
19229,19229,1922.9,31.367,0.63672
19239,19239,1923.9,31.359,0.63594
19249,19249,1924.9,31.367,0.63672
19259,19259,1925.9,31.367,0.63672
19269,19269,1926.9,31.359,0.63594
19279,19279,1927.9,31.375,0.6375
19289,19289,1928.9,31.383,0.63828
19299,19299,1929.9,31.375,0.6375
19309,19309,1930.9,31.375,0.6375
19319,19319,1931.9,31.359,0.63594
19329,19329,1932.9,31.375,0.6375
19339,19339,1933.9,31.383,0.63828
19349,19349,1934.9,31.391,0.63906
19359,19359,1935.9,31.367,0.63672
19369,19369,1936.9,31.375,0.6375
19379,19379,1937.9,31.383,0.63828
19389,19389,1938.9,31.375,0.6375
19399,19399,1939.9,31.375,0.6375
19409,19409,1940.9,31.383,0.63828
19419,19419,1941.9,31.375,0.6375
19429,19429,1942.9,31.391,0.63906
19439,19439,1943.9,31.383,0.63828
19449,19449,1944.9,31.383,0.63828
19459,19459,1945.9,31.383,0.63828
19469,19469,1946.9,31.375,0.6375
19479,19479,1947.9,31.383,0.63828
19489,19489,1948.9,31.375,0.6375
19499,19499,1949.9,31.375,0.6375
19509,19509,1950.9,31.375,0.6375
19519,19519,1951.9,31.367,0.63672
19529,19529,1952.9,31.375,0.6375
19539,19539,1953.9,31.383,0.63828
19549,19549,1954.9,31.383,0.63828
19559,19559,1955.9,31.383,0.63828
19569,19569,1956.9,31.375,0.6375
19579,19579,1957.9,31.375,0.6375
19589,19589,1958.9,31.367,0.63672
19599,19599,1959.9,31.367,0.63672
19609,19609,1960.9,31.367,0.63672
19619,19619,1961.9,31.383,0.63828
19629,19629,1962.9,31.359,0.63594
19639,19639,1963.9,31.383,0.63828
19649,19649,1964.9,31.367,0.63672
19659,19659,1965.9,31.367,0.63672
19669,19669,1966.9,31.367,0.63672
19679,19679,1967.9,31.375,0.6375
19689,19689,1968.9,31.375,0.6375
19699,19699,1969.9,31.383,0.63828
19709,19709,1970.9,31.383,0.63828
19719,19719,1971.9,31.383,0.63828
19729,19729,1972.9,31.383,0.63828
19739,19739,1973.9,31.383,0.63828
19749,19749,1974.9,31.391,0.63906
19759,19759,1975.9,31.391,0.63906
19769,19769,1976.9,31.391,0.63906
19779,19779,1977.9,31.406,0.64062
19789,19789,1978.9,31.414,0.64141
19799,19799,1979.9,31.406,0.64062
19809,19809,1980.9,31.406,0.64062
19819,19819,1981.9,31.406,0.64062
19829,19829,1982.9,31.422,0.64219
19839,19839,1983.9,31.422,0.64219
19849,19849,1984.9,31.398,0.63984
19859,19859,1985.9,31.414,0.64141
19869,19869,1986.9,31.414,0.64141
19879,19879,1987.9,31.414,0.64141
19889,19889,1988.9,31.398,0.63984
19899,19899,1989.9,31.414,0.64141
19909,19909,1990.9,31.422,0.64219
19919,19919,1991.9,31.422,0.64219
19929,19929,1992.9,31.414,0.64141
19939,19939,1993.9,31.414,0.64141
19949,19949,1994.9,31.414,0.64141
19959,19959,1995.9,31.414,0.64141
19969,19969,1996.9,31.406,0.64062
19979,19979,1997.9,31.406,0.64062
19989,19989,1998.9,31.422,0.64219
19999,19999,1999.9,31.406,0.64062
20009,20009,2000.9,31.414,0.64141
20019,20019,2001.9,31.406,0.64062
20029,20029,2002.9,31.414,0.64141
20040,20040,2004,31.398,0.63984
20050,20050,2005,31.398,0.63984
20060,20060,2006,31.406,0.64062
20070,20070,2007,31.414,0.64141
20080,20080,2008,31.422,0.64219
20090,20090,2009,31.422,0.64219
20100,20100,2010,31.414,0.64141
20110,20110,2011,31.406,0.64062
20120,20120,2012,31.422,0.64219
20130,20130,2013,31.414,0.64141
20140,20140,2014,31.43,0.64297
20150,20150,2015,31.414,0.64141
20160,20160,2016,31.406,0.64062
20170,20170,2017,31.414,0.64141
20180,20180,2018,31.43,0.64297
20190,20190,2019,31.43,0.64297
20200,20200,2020,31.422,0.64219
20210,20210,2021,31.438,0.64375
20220,20220,2022,31.438,0.64375
20230,20230,2023,31.438,0.64375
20240,20240,2024,31.453,0.64531
20250,20250,2025,31.422,0.64219
20260,20260,2026,31.422,0.64219
20270,20270,2027,31.422,0.64219
20280,20280,2028,31.414,0.64141
20290,20290,2029,31.414,0.64141
20300,20300,2030,31.398,0.63984
20310,20310,2031,31.422,0.64219
20320,20320,2032,31.422,0.64219
20330,20330,2033,31.414,0.64141
20340,20340,2034,31.422,0.64219
20350,20350,2035,31.43,0.64297
20360,20360,2036,31.422,0.64219
20370,20370,2037,31.406,0.64062
20380,20380,2038,31.406,0.64062
20390,20390,2039,31.422,0.64219
20400,20400,2040,31.406,0.64062
20410,20410,2041,31.398,0.63984
20420,20420,2042,31.398,0.63984
20430,20430,2043,31.391,0.63906
20440,20440,2044,31.414,0.64141
20450,20450,2045,31.406,0.64062
20460,20460,2046,31.391,0.63906
20470,20470,2047,31.398,0.63984
20480,20480,2048,31.406,0.64062
20490,20490,2049,31.406,0.64062
20500,20500,2050,31.406,0.64062
20510,20510,2051,31.391,0.63906
20520,20520,2052,31.398,0.63984
20530,20530,2053,31.406,0.64062
20540,20540,2054,31.414,0.64141
20550,20550,2055,31.406,0.64062
20560,20560,2056,31.406,0.64062
20570,20570,2057,31.438,0.64375
20580,20580,2058,31.43,0.64297
20590,20590,2059,31.438,0.64375
20600,20600,2060,31.445,0.64453
20610,20610,2061,31.43,0.64297
20620,20620,2062,31.453,0.64531
20630,20630,2063,31.453,0.64531
20640,20640,2064,31.445,0.64453
20650,20650,2065,31.453,0.64531
20660,20660,2066,31.453,0.64531
20670,20670,2067,31.461,0.64609
20680,20680,2068,31.453,0.64531
20690,20690,2069,31.461,0.64609
20700,20700,2070,31.461,0.64609
20710,20710,2071,31.453,0.64531
20720,20720,2072,31.461,0.64609
20730,20730,2073,31.469,0.64687
20740,20740,2074,31.461,0.64609
20750,20750,2075,31.469,0.64687
20760,20760,2076,31.461,0.64609
20770,20770,2077,31.453,0.64531
20780,20780,2078,31.453,0.64531
20790,20790,2079,31.445,0.64453
20800,20800,2080,31.445,0.64453
20810,20810,2081,31.445,0.64453
20820,20820,2082,31.453,0.64531
20830,20830,2083,31.445,0.64453
20840,20840,2084,31.453,0.64531
20850,20850,2085,31.43,0.64297
20860,20860,2086,31.445,0.64453
20870,20870,2087,31.438,0.64375
20880,20880,2088,31.445,0.64453
20890,20890,2089,31.43,0.64297
20900,20900,2090,31.438,0.64375
20910,20910,2091,31.438,0.64375
20920,20920,2092,31.445,0.64453
20930,20930,2093,31.445,0.64453
20940,20940,2094,31.438,0.64375
20950,20950,2095,31.438,0.64375
20960,20960,2096,31.43,0.64297
20970,20970,2097,31.43,0.64297
20980,20980,2098,31.438,0.64375
20990,20990,2099,31.43,0.64297
21000,21000,2100,31.43,0.64297
21010,21010,2101,31.422,0.64219
21020,21020,2102,31.422,0.64219
21030,21030,2103,31.43,0.64297
21040,21040,2104,31.438,0.64375
21050,21050,2105,31.43,0.64297
21060,21060,2106,31.453,0.64531
21070,21070,2107,31.445,0.64453
21080,21080,2108,31.438,0.64375
21090,21090,2109,31.438,0.64375
21100,21100,2110,31.445,0.64453
21110,21110,2111,31.43,0.64297
21120,21120,2112,31.445,0.64453
21130,21130,2113,31.43,0.64297
21140,21140,2114,31.453,0.64531
21150,21150,2115,31.453,0.64531
21160,21160,2116,31.453,0.64531
21170,21170,2117,31.453,0.64531
21180,21180,2118,31.461,0.64609
21190,21190,2119,31.461,0.64609
21200,21200,2120,31.461,0.64609
21210,21210,2121,31.461,0.64609
21220,21220,2122,31.461,0.64609
21230,21230,2123,31.469,0.64687
21240,21240,2124,31.484,0.64844
21250,21250,2125,31.477,0.64766
21260,21260,2126,31.469,0.64687
21270,21270,2127,31.477,0.64766
21280,21280,2128,31.477,0.64766
21290,21290,2129,31.469,0.64687
21300,21300,2130,31.484,0.64844
21310,21310,2131,31.484,0.64844
21320,21320,2132,31.492,0.64922
21330,21330,2133,31.484,0.64844
21340,21340,2134,31.5,0.65
21350,21350,2135,31.492,0.64922
21360,21360,2136,31.5,0.65
21370,21370,2137,31.508,0.65078
21380,21380,2138,31.508,0.65078
21390,21390,2139,31.508,0.65078
21400,21400,2140,31.5,0.65
21410,21410,2141,31.492,0.64922
21420,21420,2142,31.508,0.65078
21430,21430,2143,31.5,0.65
21440,21440,2144,31.516,0.65156
21450,21450,2145,31.516,0.65156
21460,21460,2146,31.516,0.65156
21470,21470,2147,31.516,0.65156
21480,21480,2148,31.523,0.65234
21490,21490,2149,31.516,0.65156
21500,21500,2150,31.523,0.65234
21510,21510,2151,31.531,0.65312
21520,21520,2152,31.516,0.65156
21530,21530,2153,31.516,0.65156
21540,21540,2154,31.523,0.65234
21550,21550,2155,31.523,0.65234
21560,21560,2156,31.523,0.65234
21570,21570,2157,31.539,0.65391
21580,21580,2158,31.531,0.65312
21590,21590,2159,31.523,0.65234
21600,21600,2160,31.523,0.65234
21610,21610,2161,31.523,0.65234
21620,21620,2162,31.516,0.65156
21630,21630,2163,31.523,0.65234
21640,21640,2164,31.523,0.65234
21650,21650,2165,31.523,0.65234
21660,21660,2166,31.523,0.65234
21670,21670,2167,31.523,0.65234
21680,21680,2168,31.523,0.65234
21690,21690,2169,31.523,0.65234
21700,21700,2170,31.531,0.65312
21710,21710,2171,31.523,0.65234
21720,21720,2172,31.523,0.65234
21730,21730,2173,31.531,0.65312
21740,21740,2174,31.523,0.65234
21750,21750,2175,31.531,0.65312
21760,21760,2176,31.531,0.65312
21770,21770,2177,31.531,0.65312
21780,21780,2178,31.523,0.65234
21790,21790,2179,31.531,0.65312
21800,21800,2180,31.539,0.65391
21810,21810,2181,31.531,0.65312
21820,21820,2182,31.531,0.65312
21830,21830,2183,31.531,0.65312
21840,21840,2184,31.539,0.65391
21850,21850,2185,31.531,0.65312
21860,21860,2186,31.523,0.65234
21870,21870,2187,31.523,0.65234
21880,21880,2188,31.539,0.65391
21890,21890,2189,31.531,0.65312
21900,21900,2190,31.539,0.65391
21910,21910,2191,31.531,0.65312
21920,21920,2192,31.539,0.65391
21930,21930,2193,31.531,0.65312
21940,21940,2194,31.539,0.65391
21950,21950,2195,31.547,0.65469
21960,21960,2196,31.531,0.65312
21970,21970,2197,31.539,0.65391
21980,21980,2198,31.539,0.65391
21990,21990,2199,31.547,0.65469
22000,22000,2200,31.547,0.65469
22010,22010,2201,31.547,0.65469
22020,22020,2202,31.531,0.65312
22030,22030,2203,31.539,0.65391
22040,22040,2204,31.547,0.65469
22050,22050,2205,31.547,0.65469
22060,22060,2206,31.531,0.65312
22070,22070,2207,31.547,0.65469
22080,22080,2208,31.547,0.65469
22090,22090,2209,31.547,0.65469
22100,22100,2210,31.555,0.65547
22110,22110,2211,31.547,0.65469
22120,22120,2212,31.547,0.65469
22130,22130,2213,31.547,0.65469
22140,22140,2214,31.555,0.65547
22150,22150,2215,31.555,0.65547
22160,22160,2216,31.547,0.65469
22170,22170,2217,31.547,0.65469
22180,22180,2218,31.555,0.65547
22190,22190,2219,31.555,0.65547
22200,22200,2220,31.555,0.65547
22210,22210,2221,31.539,0.65391
22220,22220,2222,31.539,0.65391
22230,22230,2223,31.547,0.65469
22240,22240,2224,31.555,0.65547
22250,22250,2225,31.555,0.65547
22260,22260,2226,31.547,0.65469
22270,22270,2227,31.555,0.65547
22280,22280,2228,31.547,0.65469
22290,22290,2229,31.555,0.65547
22300,22300,2230,31.547,0.65469
22310,22310,2231,31.547,0.65469
22320,22320,2232,31.539,0.65391
22330,22330,2233,31.539,0.65391
22340,22340,2234,31.539,0.65391
22350,22350,2235,31.531,0.65312
22360,22360,2236,31.539,0.65391
22370,22370,2237,31.531,0.65312
22380,22380,2238,31.547,0.65469
22390,22390,2239,31.547,0.65469
22400,22400,2240,31.547,0.65469
22410,22410,2241,31.523,0.65234
22420,22420,2242,31.523,0.65234
22430,22430,2243,31.547,0.65469
22440,22440,2244,31.539,0.65391
22450,22450,2245,31.547,0.65469
22460,22460,2246,31.539,0.65391
22470,22470,2247,31.539,0.65391
22480,22480,2248,31.539,0.65391
22490,22490,2249,31.539,0.65391
22500,22500,2250,31.523,0.65234
22510,22510,2251,31.547,0.65469
22520,22520,2252,31.531,0.65312
22530,22530,2253,31.531,0.65312
22540,22540,2254,31.523,0.65234
22550,22550,2255,31.531,0.65312
22560,22560,2256,31.516,0.65156
22570,22570,2257,31.523,0.65234
22580,22580,2258,31.531,0.65312
22590,22590,2259,31.516,0.65156
22600,22600,2260,31.516,0.65156
22610,22610,2261,31.523,0.65234
22620,22620,2262,31.5,0.65
22630,22630,2263,31.523,0.65234
22640,22640,2264,31.508,0.65078
22650,22650,2265,31.516,0.65156
22660,22660,2266,31.508,0.65078
22670,22670,2267,31.516,0.65156
22680,22680,2268,31.516,0.65156
22690,22690,2269,31.516,0.65156
22700,22700,2270,31.5,0.65
22710,22710,2271,31.492,0.64922
22720,22720,2272,31.516,0.65156
22730,22730,2273,31.5,0.65
22740,22740,2274,31.508,0.65078
22750,22750,2275,31.508,0.65078
22760,22760,2276,31.492,0.64922
22770,22770,2277,31.5,0.65
22780,22780,2278,31.508,0.65078
22790,22790,2279,31.508,0.65078
22800,22800,2280,31.5,0.65
22810,22810,2281,31.5,0.65
22820,22820,2282,31.492,0.64922
22830,22830,2283,31.492,0.64922
22840,22840,2284,31.492,0.64922
22850,22850,2285,31.508,0.65078
22860,22860,2286,31.5,0.65
22870,22870,2287,31.492,0.64922
22880,22880,2288,31.5,0.65
22890,22890,2289,31.484,0.64844
22900,22900,2290,31.477,0.64766
22910,22910,2291,31.469,0.64687
22920,22920,2292,31.477,0.64766
22930,22930,2293,31.477,0.64766
22940,22940,2294,31.461,0.64609
22950,22950,2295,31.469,0.64687
22960,22960,2296,31.461,0.64609
22970,22970,2297,31.469,0.64687
22980,22980,2298,31.477,0.64766
22990,22990,2299,31.461,0.64609
23000,23000,2300,31.469,0.64687
23010,23010,2301,31.461,0.64609
23020,23020,2302,31.484,0.64844
23030,23030,2303,31.484,0.64844
23040,23040,2304,31.484,0.64844
23050,23050,2305,31.477,0.64766
23060,23060,2306,31.484,0.64844
23070,23070,2307,31.484,0.64844
23080,23080,2308,31.469,0.64687
23090,23090,2309,31.469,0.64687
23100,23100,2310,31.477,0.64766
23110,23110,2311,31.469,0.64687
23120,23120,2312,31.461,0.64609
23130,23130,2313,31.453,0.64531
23140,23140,2314,31.453,0.64531
23150,23150,2315,31.453,0.64531
23160,23160,2316,31.453,0.64531
23170,23170,2317,31.453,0.64531
23180,23180,2318,31.438,0.64375
23190,23190,2319,31.445,0.64453
23200,23200,2320,31.461,0.64609
23210,23210,2321,31.445,0.64453
23220,23220,2322,31.414,0.64141
23230,23230,2323,31.438,0.64375
23240,23240,2324,31.445,0.64453
23250,23250,2325,31.43,0.64297
23260,23260,2326,31.43,0.64297
23270,23270,2327,31.43,0.64297
23280,23280,2328,31.438,0.64375
23290,23290,2329,31.438,0.64375
23300,23300,2330,31.422,0.64219
23310,23310,2331,31.43,0.64297
23320,23320,2332,31.422,0.64219
23330,23330,2333,31.406,0.64062
23340,23340,2334,31.414,0.64141
23350,23350,2335,31.422,0.64219
23360,23360,2336,31.414,0.64141
23370,23370,2337,31.414,0.64141
23380,23380,2338,31.422,0.64219
23390,23390,2339,31.406,0.64062
23400,23400,2340,31.406,0.64062
23410,23410,2341,31.391,0.63906
23420,23420,2342,31.375,0.6375
23430,23430,2343,31.352,0.63516
23440,23440,2344,31.383,0.63828
23450,23450,2345,31.367,0.63672
23460,23460,2346,31.375,0.6375
23470,23470,2347,31.383,0.63828
23480,23480,2348,31.383,0.63828
23490,23490,2349,31.406,0.64062
23500,23500,2350,31.398,0.63984
23510,23510,2351,31.414,0.64141
23520,23520,2352,31.406,0.64062
23530,23530,2353,31.43,0.64297
23540,23540,2354,31.43,0.64297
23550,23550,2355,31.43,0.64297
23560,23560,2356,31.422,0.64219
23570,23570,2357,31.43,0.64297
23580,23580,2358,31.414,0.64141
23590,23590,2359,31.422,0.64219
23600,23600,2360,31.422,0.64219
23610,23610,2361,31.422,0.64219
23620,23620,2362,31.422,0.64219
23630,23630,2363,31.422,0.64219
23640,23640,2364,31.422,0.64219
23650,23650,2365,31.422,0.64219
23660,23660,2366,31.422,0.64219
23670,23670,2367,31.414,0.64141
23680,23680,2368,31.43,0.64297
23690,23690,2369,31.43,0.64297
23700,23700,2370,31.43,0.64297
23710,23710,2371,31.43,0.64297
23720,23720,2372,31.438,0.64375
23730,23730,2373,31.43,0.64297
23740,23740,2374,31.422,0.64219
23750,23750,2375,31.438,0.64375
23760,23760,2376,31.422,0.64219
23770,23770,2377,31.453,0.64531
23780,23780,2378,31.43,0.64297
23790,23790,2379,31.453,0.64531
23800,23800,2380,31.445,0.64453
23810,23810,2381,31.438,0.64375
23820,23820,2382,31.453,0.64531
23830,23830,2383,31.469,0.64687
23840,23840,2384,31.461,0.64609
23850,23850,2385,31.453,0.64531
23860,23860,2386,31.461,0.64609
23870,23870,2387,31.445,0.64453
23880,23880,2388,31.445,0.64453
23890,23890,2389,31.469,0.64687
23900,23900,2390,31.461,0.64609
23910,23910,2391,31.461,0.64609
23920,23920,2392,31.477,0.64766
23930,23930,2393,31.469,0.64687
23940,23940,2394,31.477,0.64766
23950,23950,2395,31.477,0.64766
23960,23960,2396,31.469,0.64687
23970,23970,2397,31.477,0.64766
23980,23980,2398,31.477,0.64766
23990,23990,2399,31.469,0.64687
24000,24000,2400,31.484,0.64844
24010,24010,2401,31.484,0.64844
24020,24020,2402,31.484,0.64844
24030,24030,2403,31.492,0.64922
24040,24040,2404,31.484,0.64844
24050,24050,2405,31.492,0.64922
24060,24060,2406,31.492,0.64922
24070,24070,2407,31.492,0.64922
24080,24080,2408,31.5,0.65
24090,24090,2409,31.508,0.65078
24100,24100,2410,31.523,0.65234
24110,24110,2411,31.516,0.65156
24120,24120,2412,31.5,0.65
24130,24130,2413,31.516,0.65156
24141,24141,2414.1,31.516,0.65156
24151,24151,2415.1,31.531,0.65312
24161,24161,2416.1,31.539,0.65391
24171,24171,2417.1,31.547,0.65469
24181,24181,2418.1,31.539,0.65391
24191,24191,2419.1,31.539,0.65391
24201,24201,2420.1,31.547,0.65469
24211,24211,2421.1,31.57,0.65703
24221,24221,2422.1,31.555,0.65547
24231,24231,2423.1,31.562,0.65625
24241,24241,2424.1,31.555,0.65547
24251,24251,2425.1,31.562,0.65625
24261,24261,2426.1,31.562,0.65625
24271,24271,2427.1,31.555,0.65547
24281,24281,2428.1,31.555,0.65547
24291,24291,2429.1,31.57,0.65703
24301,24301,2430.1,31.562,0.65625
24311,24311,2431.1,31.555,0.65547
24321,24321,2432.1,31.578,0.65781
24331,24331,2433.1,31.578,0.65781
24341,24341,2434.1,31.586,0.65859
24351,24351,2435.1,31.578,0.65781
24361,24361,2436.1,31.562,0.65625
24371,24371,2437.1,31.57,0.65703
24381,24381,2438.1,31.57,0.65703
24391,24391,2439.1,31.578,0.65781
24401,24401,2440.1,31.578,0.65781
24411,24411,2441.1,31.578,0.65781
24421,24421,2442.1,31.578,0.65781
24431,24431,2443.1,31.586,0.65859
24441,24441,2444.1,31.578,0.65781
24451,24451,2445.1,31.578,0.65781
24461,24461,2446.1,31.57,0.65703
24471,24471,2447.1,31.586,0.65859
24481,24481,2448.1,31.578,0.65781
24491,24491,2449.1,31.586,0.65859
24501,24501,2450.1,31.594,0.65938
24511,24511,2451.1,31.586,0.65859
24521,24521,2452.1,31.578,0.65781
24531,24531,2453.1,31.562,0.65625
24541,24541,2454.1,31.586,0.65859
24551,24551,2455.1,31.562,0.65625
24561,24561,2456.1,31.555,0.65547
24571,24571,2457.1,31.562,0.65625
24581,24581,2458.1,31.547,0.65469
24591,24591,2459.1,31.578,0.65781
24601,24601,2460.1,31.594,0.65938
24611,24611,2461.1,31.586,0.65859
24621,24621,2462.1,31.594,0.65938
24631,24631,2463.1,31.578,0.65781
24641,24641,2464.1,31.586,0.65859
24651,24651,2465.1,31.594,0.65938
24661,24661,2466.1,31.594,0.65938
24671,24671,2467.1,31.602,0.66016
24681,24681,2468.1,31.602,0.66016
24691,24691,2469.1,31.594,0.65938
24701,24701,2470.1,31.594,0.65938
24711,24711,2471.1,31.602,0.66016
24721,24721,2472.1,31.609,0.66094
24731,24731,2473.1,31.609,0.66094
24741,24741,2474.1,31.594,0.65938
24751,24751,2475.1,31.586,0.65859
24761,24761,2476.1,31.586,0.65859
24771,24771,2477.1,31.602,0.66016
24781,24781,2478.1,31.594,0.65938
24791,24791,2479.1,31.594,0.65938
24801,24801,2480.1,31.586,0.65859
24811,24811,2481.1,31.594,0.65938
24821,24821,2482.1,31.594,0.65938
24831,24831,2483.1,31.594,0.65938
24841,24841,2484.1,31.586,0.65859
24851,24851,2485.1,31.586,0.65859
24861,24861,2486.1,31.594,0.65938
24871,24871,2487.1,31.594,0.65938
24881,24881,2488.1,31.594,0.65938
24891,24891,2489.1,31.602,0.66016
24901,24901,2490.1,31.578,0.65781
24911,24911,2491.1,31.609,0.66094
24921,24921,2492.1,31.602,0.66016
24931,24931,2493.1,31.609,0.66094
24941,24941,2494.1,31.609,0.66094
24951,24951,2495.1,31.617,0.66172
24961,24961,2496.1,31.617,0.66172
24971,24971,2497.1,31.617,0.66172
24981,24981,2498.1,31.625,0.6625
24991,24991,2499.1,31.617,0.66172
25001,25001,2500.1,31.625,0.6625
25011,25011,2501.1,31.625,0.6625
25021,25021,2502.1,31.609,0.66094
25031,25031,2503.1,31.609,0.66094
25041,25041,2504.1,31.633,0.66328
25051,25051,2505.1,31.641,0.66406
25061,25061,2506.1,31.633,0.66328
25071,25071,2507.1,31.641,0.66406
25081,25081,2508.1,31.656,0.66563
25091,25091,2509.1,31.648,0.66484
25101,25101,2510.1,31.656,0.66563
25111,25111,2511.1,31.633,0.66328
25121,25121,2512.1,31.648,0.66484
25131,25131,2513.1,31.656,0.66563
25141,25141,2514.1,31.656,0.66563
25151,25151,2515.1,31.648,0.66484
25161,25161,2516.1,31.664,0.66641
25171,25171,2517.1,31.664,0.66641
25181,25181,2518.1,31.664,0.66641
25191,25191,2519.1,31.664,0.66641
25201,25201,2520.1,31.664,0.66641
25211,25211,2521.1,31.68,0.66797
25221,25221,2522.1,31.664,0.66641
25231,25231,2523.1,31.664,0.66641
25241,25241,2524.1,31.664,0.66641
25251,25251,2525.1,31.664,0.66641
25261,25261,2526.1,31.664,0.66641
25271,25271,2527.1,31.664,0.66641
25281,25281,2528.1,31.656,0.66563
25291,25291,2529.1,31.648,0.66484
25301,25301,2530.1,31.656,0.66563
25311,25311,2531.1,31.656,0.66563
25321,25321,2532.1,31.656,0.66563
25331,25331,2533.1,31.664,0.66641
25341,25341,2534.1,31.656,0.66563
25351,25351,2535.1,31.656,0.66563
25361,25361,2536.1,31.656,0.66563
25371,25371,2537.1,31.656,0.66563
25381,25381,2538.1,31.648,0.66484
25391,25391,2539.1,31.641,0.66406
25401,25401,2540.1,31.641,0.66406
25411,25411,2541.1,31.656,0.66563
25421,25421,2542.1,31.625,0.6625
25431,25431,2543.1,31.648,0.66484
25441,25441,2544.1,31.633,0.66328
25451,25451,2545.1,31.633,0.66328
25461,25461,2546.1,31.648,0.66484
25471,25471,2547.1,31.648,0.66484
25481,25481,2548.1,31.641,0.66406
25491,25491,2549.1,31.641,0.66406
25501,25501,2550.1,31.648,0.66484
25511,25511,2551.1,31.656,0.66563
25521,25521,2552.1,31.656,0.66563
25531,25531,2553.1,31.664,0.66641
25541,25541,2554.1,31.664,0.66641
25551,25551,2555.1,31.664,0.66641
25561,25561,2556.1,31.664,0.66641
25571,25571,2557.1,31.672,0.66719
25581,25581,2558.1,31.672,0.66719
25591,25591,2559.1,31.688,0.66875
25601,25601,2560.1,31.703,0.67031
25611,25611,2561.1,31.703,0.67031
25621,25621,2562.1,31.703,0.67031
25631,25631,2563.1,31.703,0.67031
25641,25641,2564.1,31.695,0.66953
25651,25651,2565.1,31.688,0.66875
25661,25661,2566.1,31.688,0.66875
25671,25671,2567.1,31.688,0.66875
25681,25681,2568.1,31.688,0.66875
25691,25691,2569.1,31.68,0.66797
25701,25701,2570.1,31.695,0.66953
25711,25711,2571.1,31.688,0.66875
25721,25721,2572.1,31.695,0.66953
25731,25731,2573.1,31.703,0.67031
25741,25741,2574.1,31.711,0.67109
25751,25751,2575.1,31.703,0.67031
25761,25761,2576.1,31.703,0.67031
25771,25771,2577.1,31.711,0.67109
25781,25781,2578.1,31.711,0.67109
25791,25791,2579.1,31.703,0.67031
25801,25801,2580.1,31.703,0.67031
25811,25811,2581.1,31.703,0.67031
25821,25821,2582.1,31.711,0.67109
25831,25831,2583.1,31.703,0.67031
25841,25841,2584.1,31.711,0.67109
25851,25851,2585.1,31.711,0.67109
25861,25861,2586.1,31.703,0.67031
25871,25871,2587.1,31.727,0.67266
25881,25881,2588.1,31.711,0.67109
25891,25891,2589.1,31.695,0.66953
25901,25901,2590.1,31.703,0.67031
25911,25911,2591.1,31.719,0.67188
25921,25921,2592.1,31.719,0.67188
25931,25931,2593.1,31.695,0.66953
25941,25941,2594.1,31.703,0.67031
25951,25951,2595.1,31.719,0.67188
25961,25961,2596.1,31.734,0.67344
25971,25971,2597.1,31.734,0.67344
25981,25981,2598.1,31.742,0.67422
25991,25991,2599.1,31.734,0.67344
26001,26001,2600.1,31.742,0.67422
26011,26011,2601.1,31.742,0.67422
26021,26021,2602.1,31.727,0.67266
26031,26031,2603.1,31.727,0.67266
26041,26041,2604.1,31.734,0.67344
26051,26051,2605.1,31.734,0.67344
26061,26061,2606.1,31.719,0.67188
26071,26071,2607.1,31.727,0.67266
26081,26081,2608.1,31.719,0.67188
26091,26091,2609.1,31.703,0.67031
26101,26101,2610.1,31.695,0.66953
26111,26111,2611.1,31.703,0.67031
26121,26121,2612.1,31.688,0.66875
26131,26131,2613.1,31.703,0.67031
26141,26141,2614.1,31.68,0.66797
26151,26151,2615.1,31.68,0.66797
26161,26161,2616.1,31.68,0.66797
26171,26171,2617.1,31.672,0.66719
26181,26181,2618.1,31.68,0.66797
26191,26191,2619.1,31.68,0.66797
26201,26201,2620.1,31.688,0.66875
26211,26211,2621.1,31.688,0.66875
26221,26221,2622.1,31.68,0.66797
26231,26231,2623.1,31.672,0.66719
26241,26241,2624.1,31.672,0.66719
26251,26251,2625.1,31.68,0.66797
26261,26261,2626.1,31.672,0.66719
26271,26271,2627.1,31.664,0.66641
26281,26281,2628.1,31.672,0.66719
26291,26291,2629.1,31.664,0.66641
26301,26301,2630.1,31.664,0.66641
26311,26311,2631.1,31.664,0.66641
26321,26321,2632.1,31.648,0.66484
26331,26331,2633.1,31.664,0.66641
26341,26341,2634.1,31.664,0.66641
26351,26351,2635.1,31.656,0.66563
26361,26361,2636.1,31.641,0.66406
26371,26371,2637.1,31.648,0.66484
26381,26381,2638.1,31.656,0.66563
26391,26391,2639.1,31.641,0.66406
26401,26401,2640.1,31.648,0.66484
26411,26411,2641.1,31.641,0.66406
26421,26421,2642.1,31.633,0.66328
26431,26431,2643.1,31.633,0.66328
26441,26441,2644.1,31.641,0.66406
26451,26451,2645.1,31.656,0.66563
26461,26461,2646.1,31.648,0.66484
26471,26471,2647.1,31.648,0.66484
26481,26481,2648.1,31.648,0.66484
26491,26491,2649.1,31.648,0.66484
26501,26501,2650.1,31.656,0.66563
26511,26511,2651.1,31.656,0.66563
26521,26521,2652.1,31.656,0.66563
26531,26531,2653.1,31.641,0.66406
26541,26541,2654.1,31.641,0.66406
26551,26551,2655.1,31.641,0.66406
26561,26561,2656.1,31.641,0.66406
26571,26571,2657.1,31.641,0.66406
26581,26581,2658.1,31.648,0.66484
26591,26591,2659.1,31.664,0.66641
26601,26601,2660.1,31.656,0.66563
26611,26611,2661.1,31.641,0.66406
26621,26621,2662.1,31.648,0.66484
26631,26631,2663.1,31.641,0.66406
26641,26641,2664.1,31.648,0.66484
26651,26651,2665.1,31.641,0.66406
26661,26661,2666.1,31.641,0.66406
26671,26671,2667.1,31.641,0.66406
26681,26681,2668.1,31.633,0.66328
26691,26691,2669.1,31.648,0.66484
26701,26701,2670.1,31.664,0.66641
26711,26711,2671.1,31.664,0.66641
26721,26721,2672.1,31.648,0.66484
26731,26731,2673.1,31.656,0.66563
26741,26741,2674.1,31.664,0.66641
26751,26751,2675.1,31.648,0.66484
26761,26761,2676.1,31.664,0.66641
26771,26771,2677.1,31.656,0.66563
26781,26781,2678.1,31.68,0.66797
26791,26791,2679.1,31.68,0.66797
26801,26801,2680.1,31.68,0.66797
26811,26811,2681.1,31.688,0.66875
26821,26821,2682.1,31.688,0.66875
26831,26831,2683.1,31.688,0.66875
26841,26841,2684.1,31.695,0.66953
26851,26851,2685.1,31.68,0.66797
26861,26861,2686.1,31.688,0.66875
26871,26871,2687.1,31.68,0.66797
26881,26881,2688.1,31.688,0.66875
26891,26891,2689.1,31.695,0.66953
26901,26901,2690.1,31.695,0.66953
26911,26911,2691.1,31.68,0.66797
26921,26921,2692.1,31.68,0.66797
26931,26931,2693.1,31.695,0.66953
26941,26941,2694.1,31.688,0.66875
26951,26951,2695.1,31.695,0.66953
26961,26961,2696.1,31.688,0.66875
26971,26971,2697.1,31.695,0.66953
26981,26981,2698.1,31.688,0.66875
26991,26991,2699.1,31.695,0.66953
27001,27001,2700.1,31.703,0.67031
27011,27011,2701.1,31.703,0.67031
27021,27021,2702.1,31.695,0.66953
27031,27031,2703.1,31.672,0.66719
27041,27041,2704.1,31.688,0.66875
27051,27051,2705.1,31.688,0.66875
27061,27061,2706.1,31.688,0.66875
27071,27071,2707.1,31.695,0.66953
27081,27081,2708.1,31.68,0.66797
27091,27091,2709.1,31.688,0.66875
27101,27101,2710.1,31.703,0.67031
27111,27111,2711.1,31.688,0.66875
27121,27121,2712.1,31.688,0.66875
27131,27131,2713.1,31.688,0.66875
27141,27141,2714.1,31.703,0.67031
27151,27151,2715.1,31.695,0.66953
27161,27161,2716.1,31.688,0.66875
27171,27171,2717.1,31.695,0.66953
27181,27181,2718.1,31.695,0.66953
27191,27191,2719.1,31.695,0.66953
27201,27201,2720.1,31.688,0.66875
27211,27211,2721.1,31.688,0.66875
27221,27221,2722.1,31.68,0.66797
27231,27231,2723.1,31.703,0.67031
27241,27241,2724.1,31.703,0.67031
27251,27251,2725.1,31.68,0.66797
27261,27261,2726.1,31.68,0.66797
27271,27271,2727.1,31.68,0.66797
27281,27281,2728.1,31.68,0.66797
27291,27291,2729.1,31.68,0.66797
27301,27301,2730.1,31.68,0.66797
27311,27311,2731.1,31.672,0.66719
27321,27321,2732.1,31.688,0.66875
27331,27331,2733.1,31.688,0.66875
27341,27341,2734.1,31.688,0.66875
27351,27351,2735.1,31.672,0.66719
27361,27361,2736.1,31.672,0.66719
27371,27371,2737.1,31.68,0.66797
27381,27381,2738.1,31.68,0.66797
27391,27391,2739.1,31.656,0.66563
27401,27401,2740.1,31.656,0.66563
27411,27411,2741.1,31.68,0.66797
27421,27421,2742.1,31.672,0.66719
27431,27431,2743.1,31.672,0.66719
27441,27441,2744.1,31.688,0.66875
27451,27451,2745.1,31.664,0.66641
27461,27461,2746.1,31.664,0.66641
27471,27471,2747.1,31.672,0.66719
27481,27481,2748.1,31.664,0.66641
27491,27491,2749.1,31.664,0.66641
27501,27501,2750.1,31.664,0.66641
27511,27511,2751.1,31.68,0.66797
27521,27521,2752.1,31.664,0.66641
27531,27531,2753.1,31.664,0.66641
27541,27541,2754.1,31.664,0.66641
27551,27551,2755.1,31.656,0.66563
27561,27561,2756.1,31.672,0.66719
27571,27571,2757.1,31.68,0.66797
27581,27581,2758.1,31.648,0.66484
27591,27591,2759.1,31.648,0.66484
27601,27601,2760.1,31.641,0.66406
27611,27611,2761.1,31.656,0.66563
27621,27621,2762.1,31.656,0.66563
27631,27631,2763.1,31.664,0.66641
27641,27641,2764.1,31.664,0.66641
27651,27651,2765.1,31.672,0.66719
27661,27661,2766.1,31.672,0.66719
27671,27671,2767.1,31.695,0.66953
27681,27681,2768.1,31.68,0.66797
27691,27691,2769.1,31.695,0.66953
27701,27701,2770.1,31.703,0.67031
27711,27711,2771.1,31.695,0.66953
27721,27721,2772.1,31.711,0.67109
27731,27731,2773.1,31.719,0.67188
27741,27741,2774.1,31.727,0.67266
27751,27751,2775.1,31.711,0.67109
27761,27761,2776.1,31.727,0.67266
27771,27771,2777.1,31.719,0.67188
27781,27781,2778.1,31.719,0.67188
27791,27791,2779.1,31.734,0.67344
27801,27801,2780.1,31.727,0.67266
27811,27811,2781.1,31.727,0.67266
27821,27821,2782.1,31.734,0.67344
27831,27831,2783.1,31.727,0.67266
27841,27841,2784.1,31.742,0.67422
27851,27851,2785.1,31.75,0.675
27861,27861,2786.1,31.742,0.67422
27871,27871,2787.1,31.75,0.675
27881,27881,2788.1,31.734,0.67344
27891,27891,2789.1,31.734,0.67344
27901,27901,2790.1,31.734,0.67344
27911,27911,2791.1,31.742,0.67422
27921,27921,2792.1,31.727,0.67266
27931,27931,2793.1,31.734,0.67344
27941,27941,2794.1,31.734,0.67344
27951,27951,2795.1,31.727,0.67266
27961,27961,2796.1,31.727,0.67266
27971,27971,2797.1,31.727,0.67266
27981,27981,2798.1,31.734,0.67344
27991,27991,2799.1,31.734,0.67344
28001,28001,2800.1,31.742,0.67422
28011,28011,2801.1,31.727,0.67266
28021,28021,2802.1,31.727,0.67266
28031,28031,2803.1,31.727,0.67266
28041,28041,2804.1,31.734,0.67344
28051,28051,2805.1,31.742,0.67422
28061,28061,2806.1,31.75,0.675
28071,28071,2807.1,31.734,0.67344
28081,28081,2808.1,31.742,0.67422
28091,28091,2809.1,31.742,0.67422
28101,28101,2810.1,31.742,0.67422
28111,28111,2811.1,31.75,0.675
28121,28121,2812.1,31.75,0.675
28131,28131,2813.1,31.742,0.67422
28141,28141,2814.1,31.742,0.67422
28151,28151,2815.1,31.758,0.67578
28161,28161,2816.1,31.758,0.67578
28171,28171,2817.1,31.758,0.67578
28181,28181,2818.1,31.766,0.67656
28191,28191,2819.1,31.766,0.67656
28201,28201,2820.1,31.75,0.675
28211,28211,2821.1,31.773,0.67734
28221,28221,2822.1,31.758,0.67578
28232,28232,2823.2,31.773,0.67734
28242,28242,2824.2,31.781,0.67812
28252,28252,2825.2,31.773,0.67734
28262,28262,2826.2,31.773,0.67734
28272,28272,2827.2,31.773,0.67734
28282,28282,2828.2,31.789,0.67891
28292,28292,2829.2,31.797,0.67969
28302,28302,2830.2,31.789,0.67891
28312,28312,2831.2,31.805,0.68047
28322,28322,2832.2,31.781,0.67812
28332,28332,2833.2,31.797,0.67969
28342,28342,2834.2,31.789,0.67891
28352,28352,2835.2,31.789,0.67891
28362,28362,2836.2,31.797,0.67969
28372,28372,2837.2,31.805,0.68047
28382,28382,2838.2,31.805,0.68047
28392,28392,2839.2,31.805,0.68047
28402,28402,2840.2,31.797,0.67969
28412,28412,2841.2,31.805,0.68047
28422,28422,2842.2,31.805,0.68047
28432,28432,2843.2,31.812,0.68125
28442,28442,2844.2,31.828,0.68281
28452,28452,2845.2,31.805,0.68047
28462,28462,2846.2,31.805,0.68047
28472,28472,2847.2,31.812,0.68125
28482,28482,2848.2,31.812,0.68125
28492,28492,2849.2,31.812,0.68125
28502,28502,2850.2,31.812,0.68125
28512,28512,2851.2,31.828,0.68281
28522,28522,2852.2,31.828,0.68281
28532,28532,2853.2,31.812,0.68125
28542,28542,2854.2,31.82,0.68203
28552,28552,2855.2,31.812,0.68125
28562,28562,2856.2,31.805,0.68047
28572,28572,2857.2,31.82,0.68203
28582,28582,2858.2,31.828,0.68281
28592,28592,2859.2,31.812,0.68125
28602,28602,2860.2,31.82,0.68203
28612,28612,2861.2,31.812,0.68125
28622,28622,2862.2,31.805,0.68047
28632,28632,2863.2,31.844,0.68437
28642,28642,2864.2,31.828,0.68281
28652,28652,2865.2,31.828,0.68281
28662,28662,2866.2,31.797,0.67969
28672,28672,2867.2,31.828,0.68281
28682,28682,2868.2,31.828,0.68281
28692,28692,2869.2,31.844,0.68437
28702,28702,2870.2,31.844,0.68437
28712,28712,2871.2,31.852,0.68516
28722,28722,2872.2,31.867,0.68672
28732,28732,2873.2,31.875,0.6875
28742,28742,2874.2,31.875,0.6875
28752,28752,2875.2,31.875,0.6875
28762,28762,2876.2,31.883,0.68828
28772,28772,2877.2,31.883,0.68828
28782,28782,2878.2,31.867,0.68672
28792,28792,2879.2,31.883,0.68828
28802,28802,2880.2,31.883,0.68828
28812,28812,2881.2,31.875,0.6875
28822,28822,2882.2,31.875,0.6875
28832,28832,2883.2,31.852,0.68516
28842,28842,2884.2,31.867,0.68672
28852,28852,2885.2,31.867,0.68672
28862,28862,2886.2,31.883,0.68828
28872,28872,2887.2,31.859,0.68594
28882,28882,2888.2,31.859,0.68594
28892,28892,2889.2,31.859,0.68594
28902,28902,2890.2,31.875,0.6875
28912,28912,2891.2,31.875,0.6875
28922,28922,2892.2,31.875,0.6875
28932,28932,2893.2,31.875,0.6875
28942,28942,2894.2,31.867,0.68672
28952,28952,2895.2,31.891,0.68906
28962,28962,2896.2,31.875,0.6875
28972,28972,2897.2,31.867,0.68672
28982,28982,2898.2,31.867,0.68672
28992,28992,2899.2,31.875,0.6875
29002,29002,2900.2,31.867,0.68672
29012,29012,2901.2,31.875,0.6875
29022,29022,2902.2,31.875,0.6875
29032,29032,2903.2,31.867,0.68672
29042,29042,2904.2,31.852,0.68516
29052,29052,2905.2,31.859,0.68594
29062,29062,2906.2,31.867,0.68672
29072,29072,2907.2,31.859,0.68594
29082,29082,2908.2,31.852,0.68516
29092,29092,2909.2,31.867,0.68672
29102,29102,2910.2,31.852,0.68516
29112,29112,2911.2,31.852,0.68516
29122,29122,2912.2,31.852,0.68516
29132,29132,2913.2,31.852,0.68516
29142,29142,2914.2,31.852,0.68516
29152,29152,2915.2,31.852,0.68516
29162,29162,2916.2,31.844,0.68437
29172,29172,2917.2,31.852,0.68516
29182,29182,2918.2,31.875,0.6875
29192,29192,2919.2,31.852,0.68516
29202,29202,2920.2,31.844,0.68437
29212,29212,2921.2,31.859,0.68594
29222,29222,2922.2,31.867,0.68672
29232,29232,2923.2,31.875,0.6875
29242,29242,2924.2,31.867,0.68672
29252,29252,2925.2,31.867,0.68672
29262,29262,2926.2,31.859,0.68594
29272,29272,2927.2,31.867,0.68672
29282,29282,2928.2,31.875,0.6875
29292,29292,2929.2,31.859,0.68594
29302,29302,2930.2,31.867,0.68672
29312,29312,2931.2,31.867,0.68672
29322,29322,2932.2,31.867,0.68672
29332,29332,2933.2,31.852,0.68516
29342,29342,2934.2,31.852,0.68516
29352,29352,2935.2,31.836,0.68359
29362,29362,2936.2,31.844,0.68437
29372,29372,2937.2,31.836,0.68359
29382,29382,2938.2,31.836,0.68359
29392,29392,2939.2,31.844,0.68437
